User: USER;Path: C:\Program Files\BMG\OPTIMA\User\Data\;Test run no.: 7559
Test name: ECOLI YFP;Date: 2017-11-28;Time: 3:46:26 PM
ID1: 20170517_AP33  1;ID2: Fluorescence;
Fluorescence (FI)

Well Row;;A;A;A;A;A;A;A;A;A;A;A;A;B;B;B;B;B;B;B;B;B;B;B;B;C;C;C;C;C;C;C;C;C;C;C;C;D;D;D;D;D;D;D;D;D;D;D;D;E;E;E;E;E;E;E;E;E;E;E;E;F;F;F;F;F;F;F;F;F;F;F;F;G;G;G;G;G;G;G;G;G;G;G;G;H;H;H;H;H;H;H;H;H;H;H;H
Well Col;;1;2;3;4;5;6;7;8;9;10;11;12;1;2;3;4;5;6;7;8;9;10;11;12;1;2;3;4;5;6;7;8;9;10;11;12;1;2;3;4;5;6;7;8;9;10;11;12;1;2;3;4;5;6;7;8;9;10;11;12;1;2;3;4;5;6;7;8;9;10;11;12;1;2;3;4;5;6;7;8;9;10;11;12;1;2;3;4;5;6;7;8;9;10;11;12
Content;Time [s];Sample X1;Sample X2;Sample X3;Sample X4;Sample X5;Sample X6;Sample X7;Sample X8;Sample X9;Sample X10;Sample X11;Sample X12;Sample X1;Sample X2;Sample X3;Sample X4;Sample X5;Sample X6;Sample X7;Sample X8;Sample X9;Sample X10;Sample X11;Sample X12;Sample X1;Sample X2;Sample X3;Sample X4;Sample X5;Sample X6;Sample X7;Sample X8;Sample X9;Sample X10;Sample X11;Sample X12;Sample X1;Sample X2;Sample X3;Sample X4;Sample X5;Sample X6;Sample X7;Sample X8;Sample X9;Sample X10;Sample X11;Sample X12;Sample X1;Sample X2;Sample X3;Sample X4;Sample X5;Sample X6;Sample X7;Sample X8;Sample X9;Sample X10;Sample X11;Sample X12;Sample X1;Sample X2;Sample X3;Sample X4;Sample X5;Sample X6;Sample X7;Sample X8;Sample X9;Sample X10;Sample X11;Sample X12;Sample X1;Sample X2;Sample X3;Sample X4;Sample X5;Sample X6;Sample X7;Sample X8;Sample X9;Sample X10;Sample X11;Sample X12;Sample X1;Sample X2;Sample X3;Sample X4;Sample X5;Sample X6;Sample X7;Sample X8;Sample X9;Sample X10;Sample X11;Sample X12
Raw Data (485/Em520);0;6679;7016;6852;6491;6939;6788;6895;7428;7361;6264;6920;6481;6006;6361;7063;6317;6454;6810;5748;7578;7202;6973;7540;7015;5721;6809;6816;9808;9222;9693;10041;10613;10597;35431;38233;37130;6430;6603;6487;10006;10282;10838;13998;10265;15915;36595;37958;37230;6775;6722;7008;6302;6848;6560;6966;6892;6937;6850;7178;6697;6244;6818;6420;6357;6388;6672;6574;6540;7275;6668;7200;6883;5853;5632;6427;6099;5834;5839;5727;5838;5704;5676;5532;5704;583;570;572;569;554;556;553;548;552;571;582;565
Raw Data (485/Em520);611;6497;6862;6724;6349;6814;6617;6730;7272;7156;6139;6729;6344;5946;6243;6967;6263;6367;6734;5655;7412;7086;6932;7501;6909;5668;6634;6681;9742;9288;9572;9786;10369;10352;33766;36096;35289;6359;6522;6391;9872;10314;10860;13787;10045;15797;35081;35549;34872;6631;6596;6847;6221;6782;6405;6793;6701;6908;6827;7099;6625;6172;6720;6346;6241;6304;6565;6450;6378;7075;6585;7091;6840;5739;5533;6258;5986;5717;5711;5624;5753;5580;5547;5476;5588;585;568;561;570;554;552;554;545;547;568;577;564
Raw Data (485/Em520);1221;6505;6833;6749;6412;6804;6656;6740;7308;7208;6239;6797;6388;5856;6210;6861;6206;6321;6649;5575;7232;6969;6798;7356;6809;5606;6607;6639;9769;9480;9633;9774;10369;10321;32715;35300;35063;6334;6448;6404;9892;10511;11081;13605;9948;15863;34755;34811;34646;6629;6522;6786;6121;6684;6357;6722;6657;6893;6813;7095;6642;6101;6635;6310;6183;6287;6504;6395;6386;7096;6564;7134;6834;5660;5445;6157;5879;5613;5611;5527;5650;5505;5510;5389;5561;572;566;566;567;545;547;549;543;543;562;574;559
Raw Data (485/Em520);1833;6500;6799;6718;6398;6754;6627;6708;7274;7089;6206;6817;6391;5895;6230;6870;6208;6293;6624;5553;7202;6942;6751;7408;6784;5606;6570;6646;9915;9702;9725;9786;10509;10434;33055;35782;35476;6308;6435;6371;9983;10674;11236;13535;10011;16102;35134;35248;34806;6642;6512;6768;6172;6642;6295;6674;6618;6857;6800;7078;6607;6098;6634;6285;6181;6262;6475;6403;6355;7095;6522;7156;6826;5635;5438;6038;5861;5583;5556;5538;5618;5470;5472;5358;5510;573;564;561;565;542;547;545;545;541;560;573;559
Raw Data (485/Em520);2442;6467;6820;6744;6395;6714;6611;6736;7241;7094;6225;6824;6405;5865;6280;6843;6240;6312;6605;5564;7143;6872;6686;7390;6797;5592;6570;6690;10055;9949;9919;9874;10543;10504;33312;36379;36501;6333;6417;6373;10192;10932;11546;13627;10162;16492;35740;36131;35506;6616;6539;6780;6145;6672;6323;6660;6730;6883;6809;7107;6638;6143;6623;6305;6193;6319;6448;6409;6359;7067;6554;7163;6865;5602;5416;5991;5796;5554;5494;5443;5591;5478;5412;5334;5472;566;565;545;563;540;549;544;544;540;560;563;560
Raw Data (485/Em520);3052;6474;6790;6741;6389;6757;6629;6708;7231;7056;6274;6808;6376;5882;6305;6854;6266;6346;6594;5608;7122;6845;6716;7433;6804;5624;6572;6672;10201;10208;9996;9990;10646;10620;33869;37237;37107;6278;6435;6415;10327;11207;11703;13756;10184;17269;36499;36919;36265;6637;6537;6830;6165;6689;6331;6730;6688;6923;6846;7092;6663;6165;6619;6325;6232;6287;6455;6398;6367;7054;6564;7193;6906;5619;5431;5953;5773;5522;5498;5497;5588;5464;5404;5297;5475;570;560;549;562;541;545;544;535;536;554;569;556
Raw Data (485/Em520);3662;6442;6827;6701;6416;6714;6609;6684;7214;7053;6292;6765;6348;5883;6321;6898;6213;6360;6568;5560;7123;6836;6736;7371;6770;5612;6601;6601;10271;10337;10075;10028;10719;10702;34610;38030;37990;6327;6454;6414;10377;11327;11786;13778;10285;18042;37332;37499;36907;6665;6547;6824;6130;6651;6301;6683;6685;6915;6858;7102;6620;6169;6612;6285;6183;6287;6435;6408;6374;6995;6546;7144;6898;5556;5338;5867;5711;5470;5429;5414;5528;5389;5381;5278;5436;564;559;539;553;539;545;540;528;540;549;564;552
Raw Data (485/Em520);4275;6427;6776;6753;6426;6755;6654;6686;7220;7114;6250;6795;6402;5905;6325;6853;6294;6411;6596;5567;7095;6815;6706;7371;6809;5582;6581;6650;10420;10542;10136;10112;10820;10782;35150;38494;38813;6332;6440;6407;10501;11447;11866;13907;10351;19064;37955;38558;37923;6686;6524;6809;6119;6633;6328;6680;6709;6990;6836;7069;6711;6192;6684;6322;6191;6349;6444;6455;6390;6942;6576;7214;6871;5537;5336;5826;5716;5426;5391;5426;5519;5361;5344;5287;5406;565;554;546;558;535;534;536;536;539;543;564;552
Raw Data (485/Em520);4885;6451;6850;6724;6464;6767;6653;6698;7207;7168;6318;6809;6398;5907;6340;6881;6316;6421;6653;5610;7104;6850;6748;7451;6854;5639;6638;6737;10560;10709;10356;10286;10995;11009;35980;39778;39761;6348;6463;6430;10598;11623;12078;14102;10475;20097;39279;39310;38621;6698;6559;6888;6218;6703;6389;6686;6748;6958;6841;7167;6726;6195;6607;6306;6267;6371;6477;6433;6433;6981;6592;7222;6905;5538;5362;5761;5660;5427;5395;5409;5521;5363;5361;5258;5418;562;544;541;552;531;531;533;529;533;542;562;553
Raw Data (485/Em520);5495;6468;6806;6769;6480;6738;6677;6718;7241;7207;6310;6790;6408;5951;6338;6922;6328;6420;6670;5612;7148;6848;6756;7456;6838;5654;6561;6655;10617;10770;10383;10396;11137;11101;36656;40860;40220;6419;6458;6483;10677;11670;12042;14244;10650;21194;40206;39894;39052;6730;6568;6866;6228;6749;6365;6759;6741;7005;6884;7143;6709;6211;6689;6328;6260;6398;6477;6456;6398;6989;6612;7225;6935;5512;5340;5742;5651;5366;5363;5405;5530;5332;5349;5258;5385;563;546;545;557;533;523;536;531;533;541;557;547
Raw Data (485/Em520);6106;6480;6891;6770;6490;6761;6701;6724;7213;7208;6347;6810;6448;5995;6364;6884;6374;6446;6684;5633;7117;6843;6741;7489;6878;5694;6611;6714;10736;10948;10506;10520;11307;11227;37198;41868;41320;6372;6498;6526;10780;11871;12223;14396;10784;22101;41345;40895;40064;6705;6541;6868;6241;6720;6376;6761;6802;7037;6899;7202;6744;6227;6747;6341;6296;6424;6475;6508;6459;6994;6635;7261;6953;5519;5337;5678;5583;5366;5344;5399;5495;5333;5331;5240;5402;565;544;538;547;530;535;532;528;530;547;559;545
Raw Data (485/Em520);6716;6492;6883;6799;6525;6773;6719;6726;7254;7198;6346;6834;6482;5998;6394;6929;6406;6498;6740;5668;7122;6826;6720;7481;6895;5741;6645;6722;10778;11072;10600;10629;11482;11406;37936;42674;42029;6425;6507;6494;10870;11870;12322;14543;10869;23004;42093;41583;40811;6710;6623;6905;6274;6783;6402;6792;6835;7055;6908;7174;6750;6258;6741;6371;6248;6442;6505;6478;6458;6972;6652;7297;6962;5502;5304;5621;5597;5335;5313;5404;5516;5316;5328;5241;5393;564;548;540;547;531;528;532;530;529;544;555;540
Raw Data (485/Em520);7326;6518;6969;6830;6509;6754;6787;6714;7255;7238;6354;6803;6496;6018;6416;6959;6387;6497;6756;5649;7127;6812;6682;7504;6922;5725;6675;6751;10854;11247;10708;10805;11663;11597;38708;43625;42800;6433;6547;6514;11010;11998;12420;14691;11023;23947;43096;42312;41300;6755;6596;6918;6299;6763;6399;6863;6832;7101;6919;7226;6804;6270;6748;6365;6375;6436;6488;6553;6510;6998;6646;7330;7057;5529;5305;5596;5562;5348;5318;5348;5488;5323;5323;5231;5405;565;556;538;551;531;526;530;527;526;536;552;542
Raw Data (485/Em520);7936;6493;6943;6832;6534;6772;6799;6705;7236;7252;6382;6780;6438;6026;6445;6899;6373;6487;6750;5652;7123;6784;6736;7425;6905;5766;6656;6768;10900;11379;10684;10936;11859;11719;39264;44359;43295;6459;6619;6537;10979;12117;12455;14721;11125;24635;44257;42673;42068;6764;6638;6942;6288;6773;6396;6859;6874;7075;6915;7171;6829;6244;6750;6347;6318;6484;6479;6549;6431;6998;6650;7326;7068;5511;5298;5565;5535;5313;5283;5357;5447;5266;5292;5244;5362;559;541;532;544;527;530;533;524;523;538;554;538
Raw Data (485/Em520);8546;6541;6956;6876;6572;6815;6829;6704;7246;7240;6427;6759;6514;6047;6482;6978;6457;6559;6811;5747;7181;6793;6757;7510;6988;5797;6636;6807;10958;11475;10832;11128;12074;11927;40087;45483;44161;6486;6567;6591;11092;12219;12622;14956;11198;25476;45581;43735;42859;6805;6642;6925;6323;6818;6448;6850;6915;7117;6992;7271;6868;6310;6794;6396;6380;6486;6510;6632;6544;7045;6731;7336;7038;5499;5325;5540;5564;5268;5294;5387;5483;5309;5306;5257;5364;561;550;537;545;528;527;524;518;520;543;556;547
Raw Data (485/Em520);9156;6536;6967;6845;6601;6828;6889;6710;7275;7233;6414;6846;6550;6093;6447;7033;6491;6593;6845;5734;7139;6807;6791;7486;7004;5795;6702;6853;11037;11606;10857;11325;12212;12104;40633;46590;44867;6511;6622;6613;11210;12435;12690;14983;11459;26111;46682;44592;43317;6833;6723;6989;6346;6818;6419;6894;6947;7170;7012;7286;6871;6337;6813;6403;6351;6520;6520;6618;6561;6993;6707;7422;7106;5495;5304;5516;5479;5259;5279;5370;5494;5255;5294;5259;5372;553;544;538;545;522;529;523;526;522;537;559;540
Raw Data (485/Em520);9767;6563;6923;6898;6639;6829;6850;6680;7260;7259;6457;6801;6584;6100;6501;7056;6525;6578;6784;5737;7134;6755;6819;7503;6980;5826;6697;6833;11091;11765;10982;11442;12446;12264;41130;47059;45533;6509;6643;6668;11179;12497;12892;15229;11667;26619;47547;45331;44018;6856;6667;6981;6336;6887;6468;6886;6941;7188;7002;7344;6920;6328;6851;6416;6421;6547;6565;6652;6608;7008;6785;7394;7132;5526;5310;5489;5499;5252;5266;5346;5470;5299;5319;5242;5397;555;548;531;543;526;523;527;524;524;536;555;532
Raw Data (485/Em520);10377;6621;6937;6911;6640;6858;6869;6707;7250;7259;6453;6833;6566;6106;6519;7040;6528;6609;6865;5757;7186;6772;6777;7477;7038;5843;6691;6890;11191;11969;11011;11639;12573;12503;41827;48300;46215;6523;6700;6631;11261;12686;12970;15220;11772;27109;48843;45747;44587;6821;6717;7005;6332;6834;6491;6885;7004;7204;7004;7349;6926;6337;6850;6414;6434;6552;6548;6666;6594;6979;6782;7427;7097;5504;5309;5408;5454;5233;5250;5384;5499;5259;5313;5261;5360;554;540;533;547;522;523;529;522;530;543;548;540
Raw Data (485/Em520);10988;6603;6932;6929;6666;6872;6846;6737;7266;7282;6486;6810;6600;6116;6530;7023;6535;6590;6877;5770;7184;6823;6808;7522;7071;5882;6716;6882;11272;12192;11074;11881;12838;12651;42453;49093;46818;6572;6675;6687;11372;12787;13144;15466;11970;27596;50246;46333;45231;6890;6732;6998;6367;6897;6511;6996;7036;7238;7011;7317;6955;6364;6901;6440;6464;6583;6565;6738;6650;7005;6811;7484;7163;5501;5318;5399;5458;5165;5225;5343;5497;5252;5321;5204;5379;554;539;529;542;524;524;524;524;524;536;552;530
Raw Data (485/Em520);11599;6682;6957;6954;6661;6842;6907;6805;7257;7278;6531;6835;6601;6138;6567;7048;6526;6653;6900;5818;7228;6819;6818;7571;7067;5868;6747;6905;11328;12288;11129;12023;12988;12858;43002;50174;47409;6580;6703;6719;11508;12913;13112;15464;12125;28069;51257;46732;45794;6880;6773;7049;6405;6830;6502;7040;7027;7298;7066;7381;6986;6391;6940;6441;6484;6610;6606;6780;6626;7011;6840;7486;7214;5495;5318;5381;5438;5183;5220;5373;5515;5257;5348;5204;5384;557;536;528;544;525;525;522;521;529;533;546;535
Raw Data (485/Em520);12210;6635;7023;6969;6719;6896;6909;6864;7288;7257;6578;6845;6632;6207;6601;7094;6590;6685;6947;5839;7255;6801;6861;7615;7109;5956;6751;6940;11393;12537;11218;12325;13261;13074;43663;51281;47997;6599;6725;6675;11465;13113;13259;15646;12243;28502;52094;47459;46214;6937;6787;7028;6378;6904;6536;7051;7075;7336;7015;7413;7078;6384;6946;6483;6534;6597;6551;6798;6670;7025;6871;7543;7279;5509;5338;5340;5451;5172;5173;5349;5469;5239;5313;5263;5342;554;551;531;540;527;526;516;516;520;536;552;533
Raw Data (485/Em520);12821;6647;6991;7021;6710;6914;6921;6940;7323;7286;6578;6856;6685;6253;6597;7131;6599;6691;6980;5778;7214;6894;6871;7626;7124;5961;6753;6985;11500;12812;11256;12423;13427;13306;44378;52245;48680;6613;6786;6750;11543;13160;13344;15781;12437;29018;53306;48215;46685;6954;6807;7090;6444;6948;6556;7073;7078;7289;7080;7481;7056;6399;6947;6505;6509;6637;6608;6837;6749;7010;6870;7551;7272;5487;5283;5336;5404;5145;5165;5349;5457;5242;5331;5222;5354;553;552;534;536;528;524;527;517;520;541;555;538
Raw Data (485/Em520);13432;6657;6996;6960;6722;6916;6946;6917;7295;7318;6630;6880;6634;6250;6620;7122;6638;6747;6971;5888;7224;6975;6899;7585;7148;6052;6821;7029;11516;13155;11272;12705;13666;13516;44886;53424;49270;6651;6759;6785;11676;13362;13500;15821;12537;29420;54059;48686;47460;6995;6839;7087;6475;6968;6561;7127;7195;7350;7108;7475;7074;6427;7010;6532;6553;6683;6614;6819;6765;7038;6913;7607;7318;5538;5328;5315;5434;5105;5189;5365;5471;5267;5330;5242;5372;551;543;530;543;524;531;522;517;521;534;542;536
Raw Data (485/Em520);14042;6684;7056;7040;6753;6904;6943;6937;7312;7248;6661;6915;6668;6283;6637;7124;6669;6722;7003;5868;7259;6995;6959;7591;7193;6041;6844;7000;11619;13314;11371;12896;13906;13706;45297;53653;49845;6668;6796;6816;11701;13550;13563;15959;12728;29893;54677;49140;47880;7000;6829;7121;6468;6953;6588;7108;7176;7419;7132;7505;7136;6459;7010;6536;6625;6685;6672;6870;6746;7059;6940;7688;7324;5494;5332;5240;5368;5139;5179;5363;5498;5256;5331;5250;5355;545;538;531;539;530;522;529;515;521;543;545;533
Raw Data (485/Em520);14652;6664;7000;7052;6790;6892;6975;6974;7298;7329;6686;6915;6653;6306;6662;7170;6687;6767;7019;5870;7236;7035;6986;7629;7218;6047;6854;7004;11626;13631;11438;13033;14064;13897;45877;54405;50219;6695;6850;6813;11768;13669;13734;16009;12885;30057;55537;49768;48261;7026;6874;7176;6480;7004;6588;7164;7184;7410;7145;7509;7180;6414;7089;6573;6603;6719;6662;6912;6773;7052;6973;7638;7350;5518;5334;5244;5369;5098;5145;5366;5510;5251;5371;5233;5354;549;542;534;546;523;522;523;524;523;530;547;533
Raw Data (485/Em520);15263;6734;7019;7073;6805;6925;6989;6979;7374;7328;6717;6985;6692;6291;6709;7207;6732;6814;7061;5931;7253;7067;7023;7734;7279;6062;6816;7067;11704;14109;11436;13313;14184;13995;46322;54879;50658;6695;6895;6818;11879;13923;13794;16047;13033;30520;56351;50334;48748;7059;6904;7196;6561;6982;6640;7195;7251;7436;7182;7591;7193;6458;7064;6547;6646;6746;6699;6938;6858;7067;6961;7706;7426;5500;5319;5213;5340;5095;5162;5337;5481;5217;5349;5264;5342;552;541;527;541;529;519;523;519;525;534;540;536
Raw Data (485/Em520);15874;6747;6985;7067;6806;6939;7049;6988;7331;7336;6772;6963;6724;6339;6735;7174;6736;6822;7092;5925;7280;7036;6995;7699;7248;6057;6884;7097;11766;14419;11611;13535;14607;14333;46716;55647;51200;6707;6860;6875;11899;14058;13949;16268;13225;30862;57203;50588;49179;7063;6927;7220;6542;7082;6671;7218;7248;7506;7209;7559;7252;6488;7088;6560;6652;6793;6664;6970;6846;7092;7021;7708;7451;5497;5324;5171;5374;5074;5110;5397;5521;5261;5308;5280;5336;550;544;528;533;527;520;520;517;521;540;539;538
Raw Data (485/Em520);16485;6762;7028;7123;6863;6961;7014;7039;7335;7342;6780;6988;6718;6387;6750;7191;6777;6826;7143;5967;7336;7072;6990;7663;7312;6146;6859;7089;11814;14794;11597;13765;14766;14543;47296;56747;51510;6756;6950;6894;11999;14271;14081;16375;13378;31364;57889;51083;49537;7102;6959;7198;6551;7063;6667;7265;7272;7497;7224;7582;7225;6544;7067;6629;6662;6788;6685;7020;6849;7092;7063;7760;7477;5517;5279;5164;5325;5047;5098;5369;5507;5213;5306;5273;5361;549;537;528;545;523;520;515;515;514;532;548;535
Raw Data (485/Em520);17095;6798;7053;7144;6845;6958;7068;7008;7369;7351;6857;7027;6747;6389;6770;7226;6833;6898;7141;5955;7361;7075;7086;7754;7351;6178;6907;7139;11861;15205;11681;13946;14961;14575;47554;57488;52167;6787;6905;6946;12111;14517;14297;16461;13517;31598;58573;51739;50161;7152;6971;7274;6611;7118;6713;7331;7320;7571;7283;7663;7349;6556;7138;6613;6726;6821;6717;7037;6888;7115;7094;7797;7531;5495;5339;5120;5294;5034;5120;5366;5449;5207;5340;5273;5369;545;541;525;546;517;530;523;518;510;529;548;538
Raw Data (485/Em520);17707;6850;7070;7154;6910;7037;7058;7047;7339;7344;6871;7048;6796;6418;6808;7239;6886;6924;7167;6022;7402;7062;7045;7750;7400;6195;6935;7163;12010;15647;11778;14238;15247;15013;48167;58367;52713;6802;6939;6974;12159;14647;14346;16552;13696;31986;59160;52188;50680;7180;7009;7250;6601;7059;6749;7342;7367;7576;7337;7649;7349;6578;7190;6619;6727;6823;6708;7055;6930;7103;7145;7830;7522;5541;5351;5143;5321;4993;5108;5412;5486;5261;5329;5320;5377;552;544;528;538;530;525;517;519;511;533;550;533
Raw Data (485/Em520);18317;6875;7093;7171;6903;7033;7181;7023;7367;7341;6869;7030;6816;6440;6816;7255;6895;6934;7200;6029;7400;7091;7110;7802;7397;6229;6949;7202;12052;15872;11856;14425;15396;15196;48550;59059;53160;6803;7010;6977;12253;14952;14591;16750;13871;32200;59470;52717;51217;7187;7015;7253;6680;7091;6791;7372;7384;7620;7319;7665;7394;6620;7199;6628;6758;6878;6720;7144;6935;7095;7169;7851;7610;5533;5322;5102;5302;4974;5120;5400;5489;5248;5322;5301;5406;549;539;530;543;524;515;526;518;519;531;545;534
Raw Data (485/Em520);18928;6879;7070;7173;6930;7026;7213;7022;7355;7373;6918;7073;6796;6488;6860;7282;6900;6940;7229;6037;7450;7132;7132;7819;7442;6283;6992;7169;12116;15991;11873;14635;15830;15413;49271;59694;53443;6844;7024;6993;12315;15182;14706;16744;13947;32561;60189;53245;51455;7223;7043;7346;6677;7176;6826;7422;7398;7647;7337;7706;7454;6636;7223;6685;6788;6871;6745;7138;6984;7097;7187;7880;7621;5513;5338;5089;5277;4975;5100;5373;5491;5234;5333;5336;5369;547;543;530;546;528;515;522;521;521;533;550;534
Raw Data (485/Em520);19539;6898;7114;7227;6978;7027;7217;7051;7393;7386;6968;7048;6833;6509;6852;7337;6930;7006;7243;6068;7485;7099;7129;7878;7497;6286;7001;7234;12153;16310;11941;14880;16077;15654;49796;60136;54090;6842;7077;7047;12399;15420;14873;16849;14090;32945;60808;53938;52479;7241;7079;7340;6689;7172;6807;7461;7436;7646;7412;7786;7486;6678;7238;6678;6813;6922;6785;7203;7020;7125;7242;7956;7612;5500;5346;5032;5269;4988;5092;5379;5460;5256;5340;5350;5381;549;543;533;537;515;516;518;522;524;539;548;536
Raw Data (485/Em520);20150;6926;7104;7219;6927;7057;7188;7019;7351;7400;6942;7068;6790;6513;6882;7323;6925;7055;7289;6093;7509;7142;7114;7844;7534;6304;6996;7260;12191;16872;11945;15027;16196;15802;49794;60807;54343;6892;7055;7055;12466;15725;14951;16986;14269;33189;60823;54274;53183;7228;7104;7393;6718;7218;6868;7472;7469;7651;7371;7808;7495;6702;7292;6732;6873;6957;6785;7199;7025;7135;7251;7927;7656;5512;5330;4990;5242;4963;5057;5340;5464;5220;5324;5371;5358;546;537;523;538;520;515;523;511;511;538;544;536
Raw Data (485/Em520);20762;6978;7122;7260;7054;7067;7238;7034;7386;7393;7003;7069;6901;6547;6954;7362;6996;7013;7319;6126;7522;7143;7136;7845;7572;6387;7038;7319;12302;17437;12065;15431;16393;16107;50669;61462;55449;6944;7091;7090;12562;16105;15117;17171;14423;33529;61114;54931;53475;7291;7130;7381;6763;7198;6840;7529;7456;7704;7406;7831;7522;6676;7299;6796;6853;6948;6802;7261;7069;7154;7273;7976;7665;5523;5337;4961;5256;4937;5061;5385;5481;5267;5341;5413;5355;550;548;529;536;518;513;524;522;518;530;541;532
Raw Data (485/Em520);21373;6949;7092;7293;7001;7099;7228;7061;7345;7414;7029;7083;6892;6573;6970;7388;6984;7097;7363;6133;7546;7145;7161;7916;7609;6419;7091;7376;12295;17862;12060;15686;16692;16315;51415;61567;55809;6972;7119;7142;12685;16377;15293;17248;14542;33762;61680;56182;53839;7287;7141;7435;6745;7284;6889;7541;7523;7733;7444;7902;7559;6716;7328;6801;6940;6982;6813;7261;7072;7247;7319;8007;7780;5544;5351;4995;5256;4915;5080;5395;5500;5258;5334;5459;5419;541;539;525;540;520;517;518;510;519;538;548;526
Raw Data (485/Em520);21984;7019;7120;7378;7106;7147;7241;7020;7366;7417;7054;7089;6917;6606;6988;7390;7057;7127;7382;6126;7589;7166;7149;7926;7643;6444;7117;7385;12517;18254;12230;15807;16976;16392;52076;62381;56097;6973;7152;7172;12657;16700;15520;17340;14784;34223;62251;56456;54342;7338;7167;7490;6802;7297;6958;7565;7517;7734;7510;7891;7565;6760;7354;6818;6928;7040;6856;7308;7087;7248;7335;8046;7762;5525;5340;4934;5244;4919;5050;5366;5485;5246;5316;5473;5382;552;533;518;537;521;518;519;519;519;529;544;526
Raw Data (485/Em520);22595;7055;7117;7339;7079;7154;7185;7038;7377;7451;7095;7132;6970;6651;7018;7406;7086;7124;7418;6161;7564;7196;7175;7951;7673;6447;7136;7363;12519;18702;12283;16007;17155;16599;52349;62838;56328;7005;7197;7138;12837;17085;15675;17468;14835;34420;62701;57183;54725;7353;7245;7478;6803;7317;6969;7570;7524;7817;7484;7943;7615;6769;7420;6862;6917;7077;6877;7314;7141;7248;7372;8056;7793;5510;5355;4921;5236;4911;5023;5402;5483;5234;5311;5525;5393;548;543;529;538;514;522;520;518;514;530;547;527
Raw Data (485/Em520);23206;7024;7153;7385;7084;7119;7273;7016;7382;7430;7124;7171;6972;6684;7029;7459;7077;7199;7463;6171;7606;7178;7203;7965;7678;6458;7139;7432;12525;18984;12325;16277;17437;16820;52849;63098;56909;7061;7241;7187;12856;17463;15878;17522;14986;34742;63079;57525;55192;7385;7267;7521;6828;7347;6938;7573;7547;7805;7474;7935;7647;6779;7425;6882;6972;7104;6915;7332;7136;7259;7393;8079;7807;5522;5323;4897;5199;4887;5016;5370;5491;5249;5363;5538;5384;549;540;521;534;520;521;520;520;518;534;552;534
Raw Data (485/Em520);23817;7094;7191;7386;7092;7195;7291;7098;7442;7437;7123;7161;7003;6693;7075;7459;7079;7198;7486;6179;7578;7148;7195;8014;7737;6533;7186;7490;12623;19447;12432;16308;17678;17032;53374;63599;57209;7073;7244;7244;13001;17889;15972;17676;15176;34987;63701;57891;55590;7388;7290;7513;6824;7403;7010;7675;7617;7813;7529;8017;7670;6782;7464;6867;6996;7128;6910;7388;7198;7299;7360;8153;7841;5557;5303;4874;5186;4895;5032;5424;5480;5233;5331;5580;5377;553;547;524;542;526;522;517;511;521;536;541;533
Raw Data (485/Em520);24428;7075;7232;7442;7163;7196;7278;7046;7478;7447;7171;7164;7028;6729;7044;7502;7166;7248;7521;6229;7595;7205;7244;8010;7734;6540;7223;7488;12764;19947;12522;16548;17778;17203;53796;63904;57392;7109;7241;7277;13087;18019;16176;17816;15261;35260;63933;58468;55972;7417;7299;7576;6878;7377;7039;7706;7663;7874;7526;8015;7722;6842;7502;6900;7041;7116;6884;7422;7192;7330;7411;8176;7889;5549;5363;4822;5142;4901;5027;5406;5505;5206;5328;5628;5408;551;544;522;529;519;519;518;522;516;526;535;534
Raw Data (485/Em520);25039;7139;7231;7476;7148;7208;7293;7078;7445;7504;7166;7237;7065;6720;7119;7497;7176;7260;7556;6251;7573;7235;7249;8100;7757;6541;7249;7541;12802;20539;12622;16728;17985;17282;54136;63970;58144;7145;7291;7277;13137;18323;16421;17930;15393;35591;64235;58797;56333;7471;7359;7628;6910;7447;7064;7679;7662;7868;7567;8002;7727;6853;7536;6926;7071;7159;6925;7447;7218;7323;7463;8180;7934;5514;5332;4821;5195;4869;4999;5414;5523;5237;5349;5626;5387;547;542;526;534;522;519;517;520;514;534;541;535
Raw Data (485/Em520);25650;7179;7279;7433;7233;7225;7290;7115;7447;7524;7238;7235;7093;6748;7151;7501;7240;7309;7596;6253;7510;7211;7286;8055;7749;6591;7272;7560;12893;21168;12622;16987;18253;17612;54751;64105;58359;7112;7332;7380;13220;18496;16639;18046;15540;35944;64525;59124;57051;7523;7357;7665;6960;7389;7043;7725;7700;7903;7613;8031;7761;6840;7545;6928;7041;7137;6967;7473;7239;7378;7514;8271;7965;5562;5336;4800;5147;4852;5032;5426;5515;5249;5332;5700;5414;549;545;533;533;522;516;524;518;521;529;549;532
Raw Data (485/Em520);26262;7188;7280;7496;7192;7217;7306;7074;7458;7567;7253;7271;7149;6750;7169;7527;7231;7343;7615;6276;7591;7184;7302;8100;7828;6608;7293;7537;12938;21699;12774;17127;18407;17648;55071;64188;58404;7148;7358;7340;13352;18990;16676;18048;15584;36175;64717;59381;57187;7532;7399;7629;6956;7466;7051;7803;7745;7952;7611;8108;7814;6890;7605;6954;7082;7222;6968;7504;7264;7401;7513;8269;7944;5510;5343;4758;5152;4868;5000;5438;5469;5203;5352;5679;5399;552;535;523;539;513;517;521;515;515;530;537;532
Raw Data (485/Em520);26873;7236;7266;7530;7257;7236;7278;7108;7458;7541;7272;7234;7134;6818;7211;7539;7242;7361;7653;6330;7625;7169;7259;8092;7835;6661;7332;7648;13022;22144;12834;17333;18641;17919;55770;64296;58967;7205;7388;7434;13446;19366;16853;18305;15773;36754;64895;59691;57380;7559;7447;7681;6965;7519;7134;7820;7761;7966;7639;8103;7830;6939;7609;6927;7109;7214;6976;7538;7308;7402;7573;8324;7986;5525;5330;4718;5129;4860;4989;5445;5499;5206;5345;5731;5349;553;541;530;532;527;517;522;510;519;529;544;528
Raw Data (485/Em520);27485;7236;7252;7600;7250;7209;7321;7123;7495;7523;7328;7274;7164;6867;7221;7603;7302;7366;7684;6344;7541;7184;7283;8095;7852;6640;7354;7644;13097;22612;12838;17566;18852;18107;56066;64562;59069;7192;7434;7394;13503;19683;17057;18344;15871;37169;64982;59846;57591;7600;7388;7712;6972;7470;7125;7810;7793;7989;7634;8127;7841;6900;7617;6930;7134;7261;7007;7581;7348;7478;7553;8315;8013;5544;5341;4703;5124;4884;5002;5476;5513;5243;5335;5689;5389;547;545;528;540;532;521;523;516;517;529;545;534
Raw Data (485/Em520);28097;7227;7312;7557;7318;7236;7329;7080;7482;7531;7336;7333;7178;6867;7218;7618;7254;7399;7664;6342;7628;7230;7315;8169;7889;6681;7394;7651;13158;23122;12868;17753;19090;18240;56280;64855;59557;7261;7428;7393;13590;20065;17141;18512;15960;37903;65000;60033;57934;7571;7440;7718;7058;7552;7142;7834;7801;8005;7684;8200;7843;6956;7651;6934;7221;7286;6972;7590;7377;7430;7583;8317;8036;5542;5357;4648;5103;4901;4994;5472;5556;5235;5336;5770;5392;545;545;526;531;519;518;521;516;511;531;538;526
Raw Data (485/Em520);28710;7276;7256;7576;7285;7280;7293;7105;7450;7529;7353;7324;7248;6879;7289;7645;7341;7409;7720;6381;7617;7174;7327;8212;7928;6713;7460;7696;13203;23491;12990;17891;19332;18417;56827;65000;59908;7234;7471;7440;13708;20450;17361;18647;16130;38166;65000;60356;58227;7620;7476;7782;7015;7525;7189;7896;7807;8039;7686;8231;7922;6955;7684;6989;7209;7275;7043;7612;7387;7445;7574;8362;8052;5560;5339;4654;5077;4924;5023;5521;5569;5261;5363;5798;5381;550;539;523;534;522;518;527;517;516;535;548;532
Raw Data (485/Em520);29323;7262;7288;7620;7309;7392;7322;7151;7528;7585;7406;7358;7228;6903;7263;7628;7365;7474;7748;6438;7697;7188;7352;8208;7982;6763;7492;7755;13380;24153;13097;18111;19696;18652;57237;65000;59979;7275;7505;7504;13772;20827;17519;18764;16300;38888;65000;60617;58093;7608;7470;7785;7022;7596;7248;7923;7870;8064;7701;8221;7897;7021;7705;6955;7178;7347;7017;7687;7442;7457;7632;8360;8096;5537;5362;4623;5101;4961;4976;5519;5563;5269;5354;5839;5418;548;539;525;542;521;521;521;515;521;532;536;534
Raw Data (485/Em520);29936;7292;7311;7657;7355;7367;7342;7138;7571;7578;7429;7419;7271;6943;7322;7663;7357;7497;7761;6440;7659;7179;7311;8217;7968;6828;7480;7804;13493;24810;13224;18353;20042;18861;58104;64971;60538;7323;7553;7550;13897;21142;17673;18852;16458;39369;65000;60676;58242;7642;7528;7823;7081;7574;7219;8008;7885;8108;7732;8262;7930;7057;7692;6998;7225;7358;7043;7719;7433;7488;7667;8432;8132;5570;5368;4619;5085;4983;5011;5624;5631;5266;5372;5895;5413;549;539;528;538;525;519;524;515;521;529;543;533
Raw Data (485/Em520);30548;7316;7335;7704;7395;7366;7343;7143;7525;7599;7450;7450;7303;6946;7328;7695;7391;7503;7836;6494;7673;7226;7370;8279;8062;6811;7497;7763;13525;25224;13241;18374;20052;18917;57821;65000;60397;7332;7612;7558;14009;21521;17805;19039;16580;40039;65000;60769;58817;7693;7623;7865;7090;7623;7236;8013;7900;8141;7741;8335;8043;7031;7739;6990;7299;7399;7082;7747;7474;7521;7661;8420;8141;5541;5409;4620;5098;5005;4980;5609;5639;5275;5369;5903;5453;551;539;529;532;523;519;516;516;520;533;543;531
Raw Data (485/Em520);31161;7329;7327;7751;7391;7430;7363;7142;7543;7554;7468;7447;7356;6971;7412;7693;7439;7518;7858;6500;7684;7184;7386;8268;8008;6881;7493;7841;13657;25684;13386;18755;20520;19142;58627;65000;60950;7413;7614;7573;14074;21975;17951;19126;16712;25008;65000;61102;58941;7707;7616;7894;7116;7643;7303;7982;7988;8155;7776;8319;8022;7069;7814;7004;7292;7394;7114;7778;7495;7558;7679;8507;8144;5563;5376;4566;5079;4995;4997;5642;5637;5291;5363;5927;5438;549;545;535;536;515;522;522;516;518;532;547;536
Raw Data (485/Em520);31773;7338;7318;7695;7417;7425;7343;7152;7527;7589;7470;7499;7350;6997;7389;7679;7444;7513;7848;6501;7692;7191;7335;8239;8082;6856;7533;7865;13738;26304;13483;18911;20750;19402;58781;65000;61185;7372;7605;7597;14219;22241;18027;19213;16810;25015;65000;61256;59057;7741;7616;7939;7129;7630;7295;8070;7976;8220;7726;8352;8043;7085;7792;7021;7318;7415;7123;7792;7505;7571;7723;8499;8145;5589;5385;4575;5106;5032;4990;5658;5678;5300;5345;5967;5442;547;539;526;539;518;521;524;521;520;531;544;530
Raw Data (485/Em520);32386;7354;7338;7761;7421;7439;7334;7214;7538;7629;7515;7510;7377;7004;7418;7736;7462;7572;7862;6529;7706;7173;7381;8329;8112;6877;7513;7894;13777;26856;13611;19023;21072;19523;58896;65000;61059;7412;7692;7622;14232;22495;18161;19331;16952;25316;65000;61324;59465;7791;7651;7905;7096;7662;7318;8101;8017;8210;7783;8392;8115;7126;7819;6984;7311;7478;7126;7807;7530;7629;7736;8539;8164;5577;5424;4548;5085;5083;5017;5712;5723;5310;5387;5973;5455;544;538;522;540;524;514;518;521;522;528;536;533
Raw Data (485/Em520);32998;7344;7307;7788;7450;7482;7361;7182;7533;7615;7557;7497;7392;7024;7470;7702;7454;7577;7859;6519;7700;7112;7374;8256;8124;6956;7539;7923;13839;26928;13653;19183;21214;19703;59489;65000;61669;7412;7683;7628;14237;22817;18316;19399;16972;25569;65000;61560;59422;7762;7640;7941;7186;7671;7322;8114;8024;8203;7810;8361;8012;7136;7807;7017;7317;7466;7132;7863;7517;7583;7698;8532;8229;5605;5400;4512;5095;5066;5026;5704;5771;5372;5385;6078;5482;543;539;528;537;521;520;521;511;518;532;539;529
Raw Data (485/Em520);33610;7385;7297;7775;7443;7479;7327;7126;7580;7633;7576;7557;7433;7096;7442;7743;7511;7612;7863;6508;7746;7130;7333;8321;8195;6953;7587;7921;13993;27222;13649;19273;21421;19807;59432;65000;61223;7465;7699;7665;14408;23259;18368;19491;17177;25709;65000;61830;59643;7806;7654;7979;7166;7727;7347;8089;8072;8226;7844;8411;8117;7172;7874;7001;7367;7494;7126;7865;7534;7622;7767;8521;8217;5646;5420;4514;5121;5093;5065;5754;5808;5354;5423;6085;5519;540;541;530;534;518;514;514;510;521;529;541;537
Raw Data (485/Em520);34221;7385;7315;7847;7479;7511;7252;7108;7561;7573;7588;7507;7443;7073;7461;7747;7543;7624;7885;6556;7703;7105;7338;8335;8146;7008;7603;7963;14006;27325;13745;19385;21732;20060;59881;65000;61715;7437;7735;7637;14366;23422;18502;19719;17221;25907;65000;62183;59708;7792;7729;7958;7223;7757;7367;8157;8101;8265;7847;8422;8133;7183;7888;7013;7367;7512;7125;7851;7567;7649;7799;8567;8303;5642;5456;4528;5173;5105;5093;5756;5820;5403;5437;6115;5548;546;542;530;524;518;526;517;513;512;526;539;530
Raw Data (485/Em520);34833;7436;7279;7829;7492;7511;7297;7119;7519;7616;7650;7578;7510;7117;7491;7759;7566;7655;7956;6616;7730;7122;7361;8329;8207;6988;7645;8017;14037;28439;13813;19535;21977;20050;59997;65000;61556;7481;7743;7723;14448;23915;18572;19761;17368;26116;65000;62211;59900;7832;7755;8024;7234;7769;7396;8229;8082;8290;7827;8447;8195;7190;7896;6994;7408;7553;7203;7919;7603;7686;7789;8654;8319;5664;5463;4506;5207;5142;5105;5782;5854;5409;5471;6189;5581;540;539;526;534;522;521;514;513;514;519;542;534
Raw Data (485/Em520);35445;7468;7233;7872;7500;7523;7285;7127;7588;7624;7630;7574;7456;7090;7514;7742;7568;7645;7932;6610;7695;7005;7381;8401;8218;6990;7608;7989;14112;28660;13818;19714;22190;20132;60176;65000;61632;7471;7773;7725;14583;24267;18852;19817;17383;26269;65000;62320;59785;7861;7767;8053;7233;7768;7471;8231;8147;8327;7840;8470;8178;7208;7937;6990;7459;7546;7189;7911;7617;7688;7761;8600;8310;5686;5473;4511;5206;5121;5156;5794;5895;5451;5471;6168;5557;537;538;521;529;522;512;519;515;503;529;541;525
Raw Data (485/Em520);36057;7467;7196;7854;7515;7570;7237;7177;7593;7595;7690;7612;7490;7186;7512;7806;7563;7718;7995;6636;7649;6960;7355;8385;8236;7069;7707;8033;14218;29531;13925;19957;22491;20408;60767;65000;62291;7532;7788;7755;14641;24452;18776;19966;17557;26414;65000;62662;60397;7864;7795;8030;7249;7795;7436;8243;8131;8307;7843;8516;8214;7248;7990;7001;7504;7558;7182;8002;7641;7714;7834;8679;8355;5733;5519;4514;5264;5105;5128;5858;5873;5447;5526;6222;5627;546;539;525;531;521;524;519;515;522;532;542;530
Raw Data (485/Em520);36669;7511;7159;7888;7499;7576;7251;7136;7570;7618;7670;7636;7525;7145;7574;7796;7582;7682;7977;6675;7718;6950;7328;8437;8296;7035;7730;8033;14292;29842;14033;20033;22720;20524;60855;65000;62099;7539;7829;7730;14707;24809;18848;20151;17790;26605;65000;62674;60649;7909;7773;8089;7257;7802;7483;8267;8173;8356;7891;8594;8231;7275;7988;7008;7485;7619;7213;7954;7650;7717;7854;8741;8383;5710;5532;4530;5287;5198;5163;5813;5924;5491;5554;6231;5634;537;543;521;533;518;516;517;521;505;533;541;539
Raw Data (485/Em520);37281;7499;7185;7911;7539;7635;7232;7111;7575;7639;7721;7665;7538;7173;7588;7848;7582;7730;8017;6680;7687;6823;7310;8453;8301;7058;7720;8039;14377;30579;14094;20103;22995;20701;61142;65000;62059;7565;7863;7782;14800;25226;19044;20298;17839;26757;65000;62849;60725;7932;7770;8138;7318;7880;7521;8310;8180;8379;7917;8538;8288;7240;8047;6988;7523;7647;7216;7966;7632;7733;7840;8772;8424;5765;5600;4507;5331;5205;5224;5857;5976;5552;5571;6240;5705;540;542;519;532;527;516;516;512;518;530;540;534
Raw Data (485/Em520);37894;7564;7120;7918;7538;7626;7197;7080;7587;7628;7735;7711;7595;7179;7594;7872;7653;7734;8061;6689;7644;6760;7310;8467;8313;7122;7795;8103;14502;30486;14156;20255;23426;20976;61199;65000;62532;7569;7879;7857;14782;25487;19139;20439;17915;26973;65000;63211;60893;7987;7853;8122;7362;7872;7521;8344;8199;8397;7965;8544;8318;7354;8037;6988;7532;7685;7232;8051;7694;7791;7908;8784;8501;5835;5655;4518;5364;5176;5232;5918;5938;5585;5632;6320;5728;548;536;527;538;521;516;518;520;520;538;542;532
Raw Data (485/Em520);38506;7608;7104;7933;7622;7672;7199;7109;7605;7649;7750;7744;7642;7273;7666;7899;7630;7817;8105;6745;7747;6729;7329;8454;8364;7170;7836;8171;14513;30450;14304;20393;23631;20944;61432;65000;62214;7623;7872;7815;14910;25945;19255;20529;18164;26981;65000;63336;61026;8019;7928;8161;7382;7898;7565;8347;8300;8431;7983;8632;8380;7377;8055;7017;7570;7694;7255;8059;7737;7833;7904;8804;8482;5848;5632;4551;5436;5209;5242;5945;5992;5613;5637;6347;5768;541;542;531;534;520;513;510;513;515;526;540;536
Raw Data (485/Em520);39117;7605;7015;8007;7627;7629;7139;7089;7596;7648;7762;7750;7640;7240;7706;7942;7689;7811;8088;6762;7675;6705;7257;8417;8387;7176;7860;8167;14626;29463;14318;20591;23870;21245;61636;65000;62603;7634;7929;7911;15021;26361;19340;20697;18198;27215;65000;63464;61069;8036;7955;8152;7378;7924;7590;8393;8271;8476;7954;8668;8400;7361;8081;7016;7647;7731;7265;8094;7738;7840;7959;8808;8544;5886;5656;4561;5416;5247;5291;5958;6073;5624;5669;6392;5779;550;540;529;540;522;515;519;509;515;529;538;532
Raw Data (485/Em520);39729;7607;6925;7980;7590;7652;7178;7116;7556;7636;7854;7710;7659;7304;7666;7976;7725;7806;8119;6759;7663;6657;7282;8470;8353;7203;7884;8226;14663;28896;14465;20681;24037;21300;61978;65000;62794;7648;7940;7912;15012;26673;19449;20774;18200;27337;65000;63621;61210;8049;7951;8196;7360;7974;7589;8473;8298;8459;7988;8649;8470;7391;8182;6987;7644;7763;7266;8083;7751;7869;7952;8847;8525;5885;5726;4556;5448;5258;5305;5997;6058;5661;5697;6390;5802;549;542;523;535;518;518;513;510;514;531;545;530
Raw Data (485/Em520);40341;7687;6917;7998;7638;7664;7080;7050;7568;7617;7850;7773;7679;7317;7640;7968;7729;7863;8129;6810;7698;6635;7234;8514;8480;7230;7957;8205;14674;27697;14440;20774;24235;21250;62319;65000;62504;7703;7989;7946;15201;27041;19313;20854;18373;27417;65000;63916;61276;8099;7919;8215;7416;7986;7619;8464;8350;8468;7969;8676;8436;7417;8150;6968;7661;7780;7280;8129;7738;7850;7950;8873;8512;5880;5705;4551;5502;5278;5347;5995;6103;5658;5695;6462;5807;546;534;522;530;523;517;517;514;515;530;541;525
Raw Data (485/Em520);40954;7652;6820;8027;7589;7706;6838;6839;7557;7630;7834;7801;7674;7311;7699;7996;7692;7855;8103;6871;7674;6562;7212;8516;8424;7269;7945;8212;14842;26035;14514;20824;24402;21517;62473;65000;62950;7711;8000;7942;15222;27111;19409;21032;18472;27759;65000;64076;61268;8075;7995;8262;7434;7934;7639;8473;8344;8535;7970;8670;8461;7398;8185;6959;7697;7804;7271;8188;7802;7913;7964;8869;8581;5897;5708;4552;5507;5278;5311;6007;6092;5697;5736;6417;5788;553;540;527;527;524;516;515;520;512;525;542;527
Raw Data (485/Em520);41565;7736;6842;8066;7665;7725;6902;6815;7573;7623;7883;7794;7716;7352;7748;8056;7755;7882;8177;6898;7696;6565;7105;8612;8482;7308;8045;8231;14914;26372;14588;21006;24914;21736;62882;65000;63010;7739;8069;7961;15252;27564;19576;21115;18750;28125;65000;64157;61475;8178;8026;8310;7520;8023;7684;8515;8413;8589;8016;8763;8524;7451;8270;6991;7703;7871;7294;8206;7808;7950;7980;8855;8636;5933;5754;4590;5501;5328;5346;6067;6186;5712;5796;6538;5873;543;538;534;533;528;519;523;513;518;530;537;527
Raw Data (485/Em520);42177;7737;6814;8138;7652;7707;6854;6768;7521;7606;7875;7841;7771;7394;7754;8036;7812;7876;8234;6853;7669;6555;7027;8587;8477;7307;8084;8296;14958;26557;14661;21069;25157;21916;62894;65000;63211;7741;8114;7970;15303;27700;19783;21286;18752;28138;64211;64450;61581;8113;8083;8328;7517;8064;7670;8544;8447;8586;8031;8798;8567;7513;8307;6964;7731;7862;7343;8209;7865;7969;8044;8963;8691;5906;5787;4562;5505;5339;5381;6087;6234;5727;5773;6561;5901;546;538;523;529;522;512;515;516;514;534;544;541
Raw Data (485/Em520);42789;7781;6768;8108;7663;7680;6756;6717;7311;7611;7929;7840;7774;7373;7760;8091;7810;7951;8191;6882;7712;6552;7046;8637;8578;7325;8057;8362;15043;26682;14727;21174;25414;21917;63156;65000;63142;7787;8115;8014;15403;27970;19787;21434;18878;28371;64271;64683;61680;8174;8052;8354;7504;8079;7692;8544;8406;8600;8023;8716;8521;7504;8294;6869;7760;7918;7331;8273;7858;7939;8048;8983;8624;5970;5806;4532;5556;5389;5416;6066;6224;5787;5798;6567;5937;542;539;527;539;517;510;517;515;517;532;550;528
Raw Data (485/Em520);43401;7788;6735;8117;7714;7679;6679;6684;7285;7666;7968;7861;7822;7438;7823;8099;7825;7955;8196;6918;7700;6492;6942;8671;8615;7375;8099;8348;15083;26828;14813;21402;25487;22078;63163;65000;63297;7781;8148;8055;15435;28179;19875;21470;19048;28438;64238;64735;61678;8214;8120;8357;7564;8086;7762;8599;8465;8643;8059;8756;8570;7505;8326;6823;7778;7956;7344;8277;7898;7952;8101;9063;8728;6027;5855;4533;5560;5358;5426;6156;6265;5856;5851;6629;5942;544;546;531;529;519;519;512;506;511;528;547;529
Raw Data (485/Em520);44015;7797;6652;8147;7726;7696;6615;6612;7255;7630;7979;7932;7824;7446;7840;8121;7840;8001;8225;6932;7640;6519;6940;8662;8617;7386;8130;8376;15077;26823;14855;21385;25634;22081;63368;65000;63331;7795;8137;8114;15480;28569;19982;21580;19066;28630;64272;64973;61770;8183;8116;8387;7561;8136;7793;8612;8487;8678;8065;8836;8614;7622;8327;6741;7806;7984;7407;8274;7837;8025;8124;9068;8772;6028;5834;4513;5608;5441;5466;6200;6262;5871;5910;6661;5974;543;545;525;529;518;514;516;512;515;531;539;526
Raw Data (485/Em520);44627;7860;6629;8173;7683;7687;6549;6571;7210;7495;7952;7875;7800;7493;7867;8195;7890;8000;8317;6949;7711;6476;6903;8662;8619;7380;8154;8410;15189;27211;14981;21619;25704;22287;63289;65000;63513;7849;8226;8086;15619;28780;19984;21688;19153;28734;64225;65000;61843;8290;8147;8428;7597;8163;7812;8624;8474;8657;8096;8897;8680;7561;8373;6691;7786;8019;7365;8301;7886;8040;8192;9081;8792;6009;5884;4499;5619;5476;5472;6221;6317;5892;5873;6744;6063;549;548;525;537;526;519;526;516;517;531;544;529
Raw Data (485/Em520);45239;7844;6592;8161;7710;7688;6523;6534;7136;7344;8011;7895;7828;7510;7904;8178;7843;7999;8296;6942;7659;6417;6830;8715;8612;7431;8212;8417;15316;27260;14903;21619;26043;22317;63359;65000;63561;7856;8201;8122;15486;29028;19976;21884;19324;28697;64196;65000;61935;8298;8180;8443;7649;8163;7824;8692;8505;8642;8055;8863;8661;7624;8395;6648;7838;8010;7411;8359;7935;8078;8203;9108;8821;6042;5873;4493;5629;5471;5500;6208;6331;5913;5913;6777;6029;546;546;530;536;530;514;521;513;521;533;542;535
Raw Data (485/Em520);45852;7880;6540;8235;7807;7704;6431;6487;7054;7291;8009;7984;7886;7507;7939;8186;7832;8047;8274;6991;7571;6379;6775;8734;8646;7454;8286;8468;15383;27311;15003;21826;26270;22530;63767;65000;63603;7833;8271;8110;15643;29508;20089;21942;19354;28932;64052;65000;62002;8337;8220;8506;7632;8195;7837;8767;8611;8775;8104;8892;8677;7631;8437;6608;7880;8016;7401;8354;7983;8097;8207;9165;8845;6094;5956;4489;5696;5475;5496;6284;6377;5938;5949;6829;6098;538;534;528;534;525;522;515;512;518;530;543;532
Raw Data (485/Em520);46465;7880;6484;8227;7705;7663;6404;6403;7056;7247;8043;7948;7857;7540;7925;8163;7872;8056;8320;7035;7440;6263;6776;8726;8703;7475;8256;8443;15410;27384;15052;21875;26487;22567;63756;64945;63568;7911;8221;8208;15764;29538;20208;22010;19492;28959;64131;65000;61910;8339;8209;8506;7671;8252;7877;8790;8596;8773;8173;8985;8737;7628;8462;6587;7867;8062;7392;8362;7930;8125;8295;9139;8909;6062;5924;4425;5666;5501;5533;6305;6440;5963;5959;6835;6055;554;537;522;531;514;516;517;517;511;525;540;530
Raw Data (485/Em520);47078;7896;6472;8265;7781;7645;6313;6417;7002;7184;8082;7986;7929;7563;7958;8291;7964;8072;8370;6999;7449;6314;6736;8825;8730;7477;8326;8491;15412;27485;15142;22016;26540;22699;64045;65000;63550;7917;8255;8232;15790;29833;20238;22195;19597;29105;63954;65000;61981;8393;8270;8531;7706;8320;7889;8727;8655;8773;8233;8958;8783;7701;8506;6576;7922;8095;7432;8419;7967;8093;8276;9193;8885;6100;5998;4426;5697;5527;5576;6327;6507;6041;6023;6913;6156;547;540;531;532;521;510;525;516;509;531;548;533
Raw Data (485/Em520);47690;7954;6383;8307;7783;7634;6304;6324;6969;7132;8084;8041;7920;7594;8004;8307;7980;8150;8369;7016;7411;6304;6690;8844;8770;7510;8348;8496;15487;27381;15194;22164;26589;22716;64105;64992;63665;7946;8324;8258;15876;30061;20321;22301;19634;29114;64039;65000;62054;8424;8279;8538;7698;8223;7916;8820;8667;8825;8202;8984;8743;7683;8509;6558;7955;8135;7483;8494;8013;8198;8407;9223;8919;6143;5991;4380;5721;5588;5614;6334;6448;6037;6075;6943;6202;543;533;523;533;522;519;520;507;515;520;545;526
Raw Data (485/Em520);48303;8009;6330;8305;7770;7640;6263;6350;6954;7089;8123;8024;8008;7583;8049;8321;7949;8149;8418;7057;7291;6251;6610;8822;8752;7531;8420;8536;15529;27571;15255;22378;26979;22850;64162;64975;63697;7959;8339;8283;15777;30215;20418;22362;19699;29109;63941;64876;62186;8436;8342;8568;7743;8298;7893;8885;8706;8798;8222;9077;8853;7753;8564;6510;7936;8122;7495;8498;8044;8189;8441;9277;8943;6168;6045;4400;5776;5585;5625;6367;6530;6111;6074;6978;6218;540;538;523;542;524;519;516;517;520;529;549;536
Raw Data (485/Em520);48916;8021;6306;8319;7793;7593;6200;6218;6872;7026;8156;8047;8002;7628;8035;8283;7990;8136;8427;7073;7309;6237;6607;8828;8750;7547;8406;8595;15661;27598;15358;22533;27024;23099;64196;64887;63841;7989;8362;8249;15869;30612;20505;22449;19885;29299;63777;64851;62179;8483;8385;8584;7799;8340;7965;8856;8710;8853;8269;9052;8826;7753;8559;6521;7974;8146;7538;8506;8051;8216;8463;9265;8965;6210;6073;4379;5782;5616;5661;6434;6544;6114;6105;7053;6259;549;540;523;531;522;520;523;512;513;529;546;530
Raw Data (485/Em520);49529;8002;6253;8378;7806;7604;6210;6238;6863;7017;8153;8092;8053;7688;8081;8303;8016;8195;8438;7097;7239;6178;6522;8892;8777;7558;8413;8629;15748;27600;15332;22705;27305;23098;64350;64721;63893;8023;8344;8330;15988;30998;20607;22604;19958;29478;63921;64934;62241;8547;8342;8620;7741;8388;8007;8848;8762;8846;8285;9115;8906;7806;8613;6406;7990;8175;7479;8541;8050;8206;8447;9364;9015;6219;6079;4349;5798;5622;5667;6462;6623;6143;6156;7059;6319;541;542;524;536;522;522;515;514;515;532;541;530
Raw Data (485/Em520);50142;8055;6194;8349;7769;7548;6186;6216;6848;6908;8209;8104;8059;7751;8075;8381;8033;8179;8480;7113;7196;6161;6509;8893;8869;7603;8485;8658;15739;27447;15419;22832;27557;23189;64425;64653;63923;8051;8469;8338;16096;31281;20800;22719;20013;29595;63630;64980;62354;8502;8378;8648;7742;8384;7969;8949;8854;8913;8293;9144;8846;7795;8620;6404;8030;8209;7574;8584;8116;8276;8442;9351;9034;6223;6126;4320;5813;5704;5731;6527;6590;6143;6205;7105;6341;540;540;526;537;519;517;520;521;519;528;541;536
Raw Data (485/Em520);50754;8062;6145;8399;7885;7563;6076;6168;6849;6930;8228;8124;8107;7725;8108;8372;8016;8224;8495;7152;7138;6125;6513;8927;8862;7627;8489;8694;15809;27280;15511;22960;27640;23306;64471;64588;64058;8017;8459;8389;16116;31368;20796;22899;20169;29563;63625;64901;62456;8534;8450;8743;7803;8418;8046;8984;8836;8950;8353;9161;8885;7826;8693;6372;8082;8243;7640;8602;8149;8279;8406;9407;9090;6248;6146;4324;5858;5723;5729;6510;6668;6210;6231;7120;6393;553;544;522;535;525;524;522;522;517;526;542;536
Raw Data (485/Em520);51367;8061;6119;8406;7854;7520;6081;6127;6761;6902;8296;8184;8106;7718;8137;8387;8120;8263;8483;7190;7133;6072;6472;8946;8871;7673;8582;8715;15822;27221;15555;23053;27906;23419;64397;64322;64088;8076;8475;8366;16234;31671;20835;22891;20300;29795;63627;65000;62536;8519;8454;8686;7843;8436;8050;8979;8870;8993;8378;9157;8978;7841;8697;6296;8024;8306;7620;8644;8189;8302;8432;9366;9064;6339;6199;4306;5895;5743;5749;6547;6686;6246;6229;7159;6411;538;538;519;530;521;520;517;514;522;527;545;535
Raw Data (485/Em520);51979;8089;6042;8460;7850;7473;5994;6085;6785;6900;8280;8173;8147;7738;8142;8438;8073;8283;8515;7225;7065;6040;6386;8933;8956;7654;8554;8723;15849;27186;15723;23216;28085;23623;64513;64176;64061;8087;8536;8424;16267;32056;21078;22999;20349;29775;63578;65000;62436;8566;8529;8752;7842;8435;8096;9037;8878;8985;8436;9201;8990;7831;8737;6259;8069;8247;7608;8677;8166;8354;8478;9477;9116;6329;6201;4292;5938;5752;5772;6584;6702;6241;6272;7185;6408;549;537;525;535;520;521;516;515;513;534;542;533
Raw Data (485/Em520);52592;8182;6037;8451;7893;7240;5963;6029;6693;6825;8292;8229;8110;7743;8222;8470;8096;8273;8581;7220;7026;5996;6344;9004;8912;7668;8654;8741;15975;27105;15701;23374;28222;23610;64690;64333;64287;8088;8531;8437;16398;32177;21150;23136;20457;29940;63496;65000;62487;8591;8533;8774;7899;8472;8087;9069;8907;9015;8377;9238;8970;7868;8727;6209;8073;8285;7644;8654;8219;8335;8510;9450;9177;6368;6221;4259;5941;5820;5804;6611;6788;6278;6314;7233;6507;549;535;525;538;525;516;515;510;518;529;541;533
Raw Data (485/Em520);53204;8168;5980;8492;7880;7244;5903;5969;6711;6746;8340;8235;8177;7797;8164;8447;8115;8314;8526;7170;6989;5914;6274;9059;8978;7731;8654;8814;16041;26948;15810;23528;28346;23706;64715;64096;64210;8135;8580;8452;16367;32322;21049;23203;20524;29855;63265;65000;62695;8588;8564;8792;7872;8509;8082;9102;8975;9012;8482;9276;9026;7904;8808;6170;8115;8245;7697;8673;8209;8419;8531;9511;9170;6388;6273;4255;5978;5863;5822;6674;6786;6298;6390;7238;6499;543;531;529;540;525;527;514;510;516;530;545;534
Raw Data (485/Em520);53817;8192;5913;8481;7916;7119;5806;5914;6618;6736;8318;8268;8209;7807;8203;8553;8102;8314;8594;7274;7004;5878;6296;9063;9002;7772;8741;8854;16055;26913;15984;23577;28430;23768;64670;63932;64235;8136;8602;8512;16460;32652;21213;23371;20678;30160;63027;65000;62716;8676;8529;8823;7942;8558;8110;9105;8960;9062;8490;9319;9063;7915;8749;6124;8150;8340;7700;8741;8268;8409;8546;9545;9194;6388;6322;4218;5983;5886;5829;6680;6824;6343;6386;7292;6575;543;539;525;532;522;519;526;519;515;533;539;539
Raw Data (485/Em520);54430;8222;5874;8518;7917;7052;5722;5898;6596;6703;8338;8256;8116;7916;8262;8558;8170;8329;8583;7303;7009;5867;6266;9062;9069;7737;8801;8768;16193;26729;15852;23458;28590;23856;64590;63272;63984;8177;8656;8563;16707;32591;21397;23533;20767;30180;63191;65000;63268;8651;8542;8819;7944;8609;8213;9136;9003;9110;8454;9374;9056;7996;8799;6066;8144;8371;7716;8695;8344;8444;8518;9555;9248;6438;6338;4209;6022;5938;5886;6750;6865;6418;6437;7307;6600;547;543;523;535;528;515;517;521;514;527;548;535
Raw Data (485/Em520);55043;8218;5812;8539;7925;6972;5547;5771;6498;6629;8384;8264;8178;7848;8277;8566;8060;8363;8603;7283;6956;5762;6160;9105;9081;7810;8789;8890;16308;26551;16012;23677;28840;23993;64668;63257;64219;8180;8635;8565;16744;33204;21488;23520;20883;30202;63100;65000;63215;8730;8573;8898;7953;8561;8132;9189;8957;9128;8510;9426;9100;7983;8809;6024;8193;8344;7760;8819;8318;8460;8494;9549;9228;6403;6346;4153;6076;5968;5924;6751;6937;6410;6451;7347;6658;547;539;532;544;520;520;524;516;523;537;544;539
Raw Data (485/Em520);55655;8203;5765;8502;7991;6942;5404;5770;6463;6572;8372;8256;8151;7880;8228;8542;8176;8354;8638;7264;6894;5734;6172;9096;9086;7800;8801;8845;16269;26151;16012;23642;28720;23922;64637;62742;63961;8256;8697;8553;16715;33199;21368;23575;20756;30037;62607;65000;63366;8725;8563;8912;7989;8637;8206;9239;9060;9106;8538;9357;9143;8001;8817;5972;8198;8438;7767;8814;8296;8460;8479;9597;9268;6440;6405;4162;6099;6020;5959;6816;6928;6425;6481;7373;6657;540;549;527;535;527;525;519;514;520;532;547;535
Raw Data (485/Em520);56268;8252;5719;8582;8002;6863;5404;5717;6432;6528;8394;8270;8268;7895;8280;8547;8202;8425;8647;7368;6905;5642;6075;9117;9115;7825;8862;8829;16276;25735;16111;23931;28867;23916;64778;62597;64080;8230;8697;8597;16628;33251;21621;23683;20818;30084;62446;65000;63412;8757;8644;8996;7995;8626;8229;9221;9075;9172;8575;9398;9191;7993;8844;5853;8227;8423;7775;8857;8376;8475;8482;9618;9263;6493;6385;4109;6154;6090;6000;6853;6991;6420;6528;7389;6736;544;542;529;542;525;533;525;514;522;533;545;537
Raw Data (485/Em520);56880;8303;5608;8534;7962;6786;5362;5631;6330;6473;8419;8319;8256;7959;8353;8608;8179;8382;8704;7362;6778;5588;6039;9182;9149;7861;8930;8942;16522;25482;16172;23922;29139;24022;64652;62268;64335;8288;8754;8650;16878;33702;21549;23816;20973;30407;62037;65000;63551;8818;8670;8992;8023;8625;8256;9240;9074;9249;8618;9466;9148;8020;8911;5815;8257;8454;7804;8861;8366;8515;8486;9695;9304;6539;6392;4071;6151;6131;5921;6847;7001;6463;6494;7461;6761;542;538;533;540;528;523;517;518;515;537;546;535
Raw Data (485/Em520);57493;8310;5527;8619;8012;6792;5271;5541;6278;6459;8434;8354;8235;7998;8332;8624;8282;8404;8676;7382;6780;5508;5976;9142;9149;7829;8965;9002;16558;24885;16201;24036;29204;24156;64697;62113;64252;8315;8771;8616;16944;33680;21794;24000;21033;30521;61656;65000;63473;8802;8727;9010;8028;8685;8239;9292;9157;9280;8581;9481;9197;8075;8922;5780;8283;8530;7802;8883;8431;8547;8464;9642;9311;6552;6481;4067;6173;6128;6033;6909;7074;6506;6575;7462;6774;549;539;531;534;527;524;522;514;519;528;540;533
Raw Data (485/Em520);58107;8314;5527;8630;8020;6696;5090;5448;6263;6400;8470;8318;8270;7985;8368;8652;8241;8469;8729;7417;6728;5397;5918;9212;9101;7899;8988;8998;16492;24668;16228;24048;29358;24130;64764;61485;64254;8280;8796;8688;17010;33671;21770;23988;21098;30562;61371;65000;63647;8856;8733;9062;8071;8676;8271;9322;9125;9243;8594;9524;9209;8063;8971;5688;8281;8529;7844;8939;8384;8564;8424;9736;9328;6584;6510;4037;6186;6186;6058;6951;7092;6516;6621;7512;6843;556;539;535;542;524;524;522;512;520;538;545;531
Raw Data (485/Em520);58720;8369;5426;8641;8036;6652;5094;5358;6257;6330;8528;8396;8307;8015;8375;8670;8290;8457;8720;7407;6660;5309;5811;9210;9211;7892;9023;9027;16667;24179;16507;24240;29468;24315;64850;61390;64758;8293;8864;8690;17089;34018;21823;24026;21052;30675;61153;65000;63495;8835;8756;9037;8058;8762;8271;9301;9127;9289;8601;9474;9256;8073;8979;5623;8337;8512;7902;8950;8399;8577;8423;9744;9414;6608;6494;3994;6210;6246;6126;7039;7121;6576;6605;7536;6889;553;538;528;539;523;526;522;514;514;535;547;537
Raw Data (485/Em520);59333;8401;5375;8662;8023;6671;4916;5226;6098;6241;8530;8392;8300;7998;8440;8739;8246;8481;8758;7468;6697;5295;5807;9354;9228;7928;9099;9012;16607;23626;16374;24387;29552;24232;64660;60071;64149;8376;8826;8689;17076;34106;21972;24054;21172;30766;60661;65000;63530;8853;8806;9086;8120;8757;8361;9370;9173;9308;8595;9536;9322;8089;9018;5562;8316;8561;7859;8937;8421;8586;8415;9720;9360;6621;6586;3968;6264;6243;6147;7067;7208;6600;6646;7582;6876;552;543;536;537;534;518;520;518;519;531;550;535
Raw Data (485/Em520);59947;8409;5229;8671;8061;6546;4901;5161;6081;6176;8535;8414;8334;8019;8428;8713;8326;8459;8724;7410;6514;5126;5674;9302;9225;7952;9113;9070;16809;23195;16546;24684;29759;24451;64861;60153;64549;8419;8840;8765;17128;34339;21898;24204;21275;30781;60177;65000;63618;8886;8812;9058;8117;8788;8356;9373;9196;9328;8563;9548;9294;8141;9051;5491;8322;8579;7927;8939;8496;8608;8275;9787;9471;6685;6613;3937;6281;6315;6181;7064;7202;6600;6715;7627;6980;549;548;522;539;525;517;523;515;519;530;542;534
Raw Data (485/Em520);60560;8457;5108;8714;8051;6539;4768;5030;6019;6075;8543;8402;8408;8070;8460;8807;8373;8547;8842;7513;6559;5097;5661;9376;9363;7987;9103;9057;16814;22753;16517;24601;29873;24519;64709;59120;64207;8395;8893;8769;17240;34718;22200;24459;21340;30938;59929;65000;63839;8983;8830;9178;8158;8797;8396;9430;9220;9368;8596;9626;9340;8156;9057;5366;8378;8604;7922;8970;8501;8618;8256;9714;9481;6690;6656;3918;6336;6330;6210;7115;7268;6635;6745;7622;6995;545;544;525;540;528;526;516;520;522;535;546;534
Raw Data (485/Em520);61174;8449;4990;8692;8043;6388;4603;4933;5912;6038;8533;8441;8371;8025;8470;8741;8313;8467;8745;7460;6433;4927;5506;9239;9290;8017;9206;9016;16774;22342;16524;24730;29913;24478;64897;58619;63792;8392;8922;8774;17210;34534;22129;24510;21449;30983;59392;65000;63324;8971;8833;9099;8134;8744;8365;9373;9274;9361;8551;9586;9344;8174;9067;5309;8359;8616;7918;8946;8464;8667;8178;9809;9461;6685;6659;3876;6372;6350;6248;7125;7270;6675;6812;7628;7052;547;547;533;539;526;520;519;514;521;531;552;539
Raw Data (485/Em520);61788;8477;4750;8746;8079;6412;4534;4834;5875;5962;8573;8506;8468;8084;8492;8755;8359;8567;8777;7487;6345;4813;5408;9317;9371;8033;9211;9126;16949;21936;16717;24888;30110;24731;64951;58414;64616;8379;8946;8834;17351;35094;22402;24629;21589;30981;58780;65000;63967;9019;8893;9162;8160;8801;8352;9413;9269;9438;8553;9627;9437;8217;9075;5191;8370;8679;7994;9034;8572;8718;8095;9841;9527;6753;6716;3846;6409;6418;6329;7148;7324;6721;6798;7672;7066;546;538;529;538;529;521;522;516;522;533;544;540
Raw Data (485/Em520);62401;8426;4681;8774;8109;6361;4387;4700;5733;5850;8561;8506;8404;8084;8529;8810;8387;8589;8837;7479;6273;4725;5344;9378;9335;8013;9212;9112;16946;21375;16672;24913;30156;24612;64844;57337;64430;8461;9014;8885;17392;34938;22442;24493;21599;31034;58456;65000;63925;9017;8898;9193;8186;8852;8449;9447;9359;9434;8563;9682;9448;8169;9097;5091;8422;8614;7972;9025;8560;8711;8025;9870;9509;6759;6747;3833;6452;6411;6282;7184;7341;6742;6843;7726;7085;542;538;526;535;525;520;528;511;512;536;541;534
Raw Data (485/Em520);63014;8557;4610;8763;8151;6308;4365;4608;5617;5794;8624;8498;8430;8136;8548;8814;8460;8599;8849;7561;6199;4601;5233;9452;9471;8092;9327;9136;17049;20883;16804;25219;30082;24876;64757;56957;64497;8511;9031;8888;17418;35100;22535;24811;21635;31273;58283;65000;64223;9065;8912;9217;8208;8834;8447;9499;9327;9449;8601;9660;9412;8231;9164;5049;8455;8645;7961;9046;8576;8788;7987;9884;9533;6818;6756;3775;6501;6446;6381;7270;7410;6800;6863;7725;7120;548;539;525;539;525;523;524;510;519;535;545;541
Raw Data (485/Em520);63627;8529;4411;8821;8148;6206;4113;4463;5520;5691;8603;8512;8416;8143;8541;8842;8400;8662;8842;7559;6142;4562;5115;9402;9381;8052;9281;9146;17097;20247;16795;25192;30097;24856;64697;55872;64311;8456;9070;8888;17492;35369;22496;24749;21798;31276;57914;65000;64032;9065;8973;9282;8264;8836;8449;9531;9341;9472;8549;9676;9481;8251;9135;4921;8432;8678;7954;9092;8560;8726;8003;9876;9494;6748;6795;3720;6528;6452;6378;7277;7441;6807;6965;7774;7134;551;538;532;538;524;521;524;519;523;531;542;535
Raw Data (485/Em520);64241;8485;4258;8865;8176;6107;4134;4354;5422;5652;8671;8540;8488;8128;8556;8825;8439;8627;8899;7556;5980;4395;4941;9344;9326;8114;9392;9193;17103;19993;17013;25422;30486;25092;64774;56073;64806;8525;9040;8851;17479;35400;22694;24917;21834;31177;57099;65000;63475;9066;8990;9271;8190;8828;8481;9503;9375;9455;8545;9669;9441;8263;9186;4782;8442;8754;8081;9120;8629;8816;8017;9897;9552;6813;6813;3665;6556;6523;6409;7286;7429;6837;6967;7828;7171;543;538;521;536;520;510;516;513;514;524;540;536
Raw Data (485/Em520);64854;8558;4161;8911;8176;6075;4019;4258;5288;5518;8697;8554;8492;8173;8594;8863;8417;8568;8901;7581;5866;4274;4836;9414;9426;8113;9410;9289;17300;19223;17064;25635;30707;25260;64840;55147;64951;8524;9062;8898;17555;35866;22658;24917;21958;31620;56593;65000;63653;9109;8976;9296;8229;8860;8540;9561;9370;9464;8496;9755;9479;8312;9227;4702;8481;8716;8072;9139;8648;8770;7930;9980;9610;6894;6858;3622;6598;6561;6399;7328;7528;6845;7021;7859;7187;548;540;526;534;520;514;519;518;510;529;543;536
Raw Data (485/Em520);65468;8564;4043;8869;8193;5982;3927;4168;5182;5407;8677;8608;8523;8197;8595;8838;8482;8632;8893;7587;5777;4209;4732;9395;9445;8179;9432;9277;17263;18709;17218;25970;30777;25321;64772;54424;65000;8542;9056;8887;17676;35862;22774;25063;21971;31612;56213;65000;63563;9079;8984;9266;8259;8862;8493;9611;9375;9506;8494;9729;9475;8304;9245;4582;8481;8752;8073;9161;8677;8866;7912;9991;9606;6926;6929;3579;6614;6560;6441;7353;7490;6882;7023;7798;7260;547;539;528;531;522;515;512;515;515;522;538;534
Raw Data (485/Em520);66081;8610;3937;8939;8254;5951;3794;4174;5076;5304;8758;8627;8588;8166;8608;8901;8515;8704;8898;7647;5672;4086;4638;9475;9495;8176;9462;9263;17319;17999;17175;25926;30742;25370;64815;53126;65000;8572;9106;8957;17750;36013;22811;25079;22085;31651;55530;65000;63533;9087;9028;9261;8269;8879;8513;9595;9443;9554;8429;9801;9515;8330;9293;4453;8504;8764;8087;9203;8715;8815;7904;10016;9612;6937;6967;3476;6676;6554;6464;7374;7550;6933;7070;7921;7267;553;541;532;533;526;515;524;515;516;533;539;535
Raw Data (485/Em520);66695;8646;3817;8865;8257;5845;3582;4202;4993;5226;8776;8608;8588;8228;8614;8893;8454;8658;8868;7603;5557;3998;4543;9413;9437;8229;9545;9323;17345;17452;17272;26001;30784;25347;65000;51666;64556;8569;9138;8933;17714;35902;22977;25146;22202;31531;55120;65000;62988;9113;9050;9281;8306;8948;8498;9563;9416;9531;8457;9795;9529;8305;9256;4399;8494;8761;8080;9197;8704;8885;7844;9974;9649;6939;6981;3441;6708;6605;6534;7415;7558;6921;7081;7931;7332;551;539;528;538;521;524;514;510;509;525;541;534
Raw Data (485/Em520);67308;8649;3729;8930;8282;5816;3572;4223;4823;5109;8753;8707;8603;8214;8682;8949;8475;8671;8939;7647;5429;3917;4435;9504;9498;8246;9528;9356;17466;16524;17298;26145;30962;25464;64771;50759;64951;8611;9187;8976;17820;36029;23025;25236;22292;31714;54020;65000;63759;9164;9069;9323;8292;8877;8514;9615;9492;9551;8428;9807;9598;8382;9316;4307;8562;8805;8119;9246;8752;8911;7857;9981;9669;6997;6988;3355;6802;6633;6570;7441;7591;6990;7138;7990;7361;545;543;524;538;517;516;515;513;513;532;540;533
Raw Data (485/Em520);67922;8720;3729;8954;8282;5753;3396;4215;4742;4990;8794;8697;8613;8252;8705;8944;8537;8760;8935;7631;5312;3860;4335;9525;9474;8229;9613;9408;17572;16499;17424;26442;31055;25747;64919;49885;65000;8628;9129;8942;17946;35860;23176;25382;22330;31720;53295;65000;63678;9195;9091;9412;8316;8960;8570;9648;9461;9582;8448;9851;9582;8367;9339;4197;8535;8845;8125;9233;8757;8895;7803;10078;9728;7016;7081;3265;6856;6694;6575;7465;7611;7028;7169;8009;7403;548;538;527;531;529;519;521;516;517;531;543;527
Raw Data (485/Em520);68536;8640;3742;8957;8262;5582;3307;4263;4660;4863;8780;8688;8625;8267;8710;8917;8500;8713;8926;7644;5148;3882;4217;9485;9495;8257;9628;9423;17543;16351;17336;26428;31023;25803;65000;48458;64591;8658;9128;9038;17809;36026;23178;25219;22332;31856;51681;65000;63271;9205;9105;9356;8282;8895;8564;9657;9555;9586;8398;9849;9601;8395;9354;4095;8501;8827;8156;9279;8741;8889;7755;9963;9677;7018;7069;3241;6904;6715;6563;7482;7618;7018;7203;8004;7409;552;539;526;537;525;519;512;517;518;534;540;529
Raw Data (485/Em520);69153;8672;3736;9044;8322;5507;3145;4248;4543;4746;8819;8732;8670;8304;8698;8976;8574;8725;8965;7709;5097;3865;4112;9558;9553;8305;9618;9427;17673;16386;17488;26620;31103;25777;64923;46989;64999;8668;9206;9087;18033;36379;23237;25483;22532;31826;50856;65000;63897;9240;9124;9375;8341;9034;8593;9736;9505;9602;8389;9874;9654;8421;9347;4050;8623;8891;8205;9370;8820;8950;7691;10144;9752;7088;7129;3143;6985;6743;6632;7531;7662;7109;7229;8028;7435;551;544;522;542;527;521;518;516;518;533;544;534
Raw Data (485/Em520);69767;8723;3763;9038;8342;5423;3146;4264;4445;4692;8792;8767;8676;8355;8724;9021;8586;8761;8976;7711;4918;3897;3987;9598;9635;8277;9723;9494;17721;16407;17573;26789;31312;25980;64967;45505;65000;8742;9308;9072;18112;36460;23448;25619;22529;31980;49648;65000;63991;9182;9131;9456;8379;9016;8645;9710;9584;9660;8368;9934;9690;8460;9377;3925;8617;8906;8186;9344;8794;8943;7628;10138;9761;7133;7172;3085;7011;6770;6640;7586;7734;7087;7224;8066;7499;545;538;532;538;524;525;516;518;518;527;548;539
Raw Data (485/Em520);70381;8731;3759;9034;8366;5295;3001;4247;4325;4592;8892;8790;8676;8315;8750;8977;8598;8828;9002;7729;4823;3902;3899;9563;9557;8335;9771;9495;17750;16510;17615;26926;31442;26199;64972;45971;65000;8744;9300;9089;18101;36437;23523;25816;22708;31880;48018;65000;64081;9295;9136;9428;8355;8957;8650;9763;9591;9661;8342;9942;9667;8483;9434;3848;8634;8914;8173;9344;8848;8927;7604;10157;9789;7177;7208;3021;7102;6795;6659;7649;7722;7129;7257;8100;7489;551;551;527;538;526;514;523;515;518;527;545;539
Raw Data (485/Em520);70992;8745;3751;9042;8304;5187;2865;4246;4160;4398;8870;8809;8716;8349;8750;9071;8565;8833;9004;7702;4691;3871;3789;9591;9691;8354;9754;9449;17740;16405;17609;26896;31323;26013;64874;43922;64580;8768;9327;9162;18186;36638;23489;25768;22830;32210;46662;65000;64082;9272;9225;9478;8402;9075;8677;9801;9606;9621;8235;9978;9672;8465;9358;3735;8651;8897;8218;9348;8854;8982;7519;10144;9806;7157;7260;2923;7117;6838;6691;7583;7759;7145;7395;8124;7551;541;544;521;538;527;515;520;513;513;530;546;525
Raw Data (485/Em520);71606;8805;3761;9044;8393;5079;2855;4237;4075;4326;8882;8834;8753;8370;8789;9077;8641;8813;9072;7715;4601;3890;3690;9595;9654;8391;9807;9580;17913;16522;17829;27146;31703;26240;64953;41378;65000;8763;9301;9070;18298;36640;23649;25854;23029;32167;45712;65000;64246;9341;9266;9492;8430;9082;8700;9806;9639;9720;8203;9984;9698;8520;9482;3623;8710;8934;8248;9360;8896;9016;7461;10124;9788;7212;7268;2843;7156;6839;6706;7672;7851;7213;7339;8193;7570;546;542;528;535;526;516;518;515;515;534;545;534
Raw Data (485/Em520);72219;8754;3770;9086;8382;4932;2898;4252;3994;4157;8873;8865;8731;8381;8842;9074;8641;8868;9026;7713;4449;3872;3693;9685;9702;8400;9870;9554;17962;16518;17844;27169;31607;26279;64888;38864;64888;8793;9403;9164;18269;36955;23859;25900;23086;32114;43752;65000;64290;9355;9193;9519;8444;9073;8708;9807;9684;9719;8205;9984;9666;8518;9447;3546;8710;8999;8245;9392;8922;9048;7406;10172;9837;7240;7328;2804;7213;6831;6757;7666;7863;7260;7411;8136;7575;549;547;534;538;527;527;517;518;517;532;544;531
Raw Data (485/Em520);72833;8802;3763;9118;8431;4826;2868;4236;3864;4008;8921;8862;8767;8432;8893;9108;8663;8850;9034;7734;4368;3891;3731;9687;9745;8422;9872;9596;18014;16485;17929;27463;31874;26450;64867;37596;65000;8836;9350;9189;18437;36952;23764;26045;23060;32158;43312;65000;64304;9330;9277;9552;8517;9059;8674;9861;9655;9731;8200;10023;9721;8470;9531;3554;8709;8966;8292;9460;8945;9029;7306;10195;9858;7238;7329;2726;7274;6864;6764;7731;7851;7270;7447;8190;7604;554;546;526;539;526;518;516;514;517;531;542;540
Raw Data (485/Em520);73444;8906;3777;9137;8386;4634;2864;4268;3755;4022;8899;8843;8730;8403;8860;9095;8615;8850;9094;7736;4279;3902;3745;9634;9703;8501;9941;9687;18063;16455;17928;27660;31924;26600;65000;34872;64804;8877;9365;9176;18456;37094;23947;26057;23202;32027;43184;65000;63775;9337;9295;9538;8398;9065;8713;9888;9658;9764;8170;10048;9759;8555;9537;3559;8706;8980;8276;9442;8878;9092;7234;10192;9852;7251;7392;2650;7321;6865;6779;7699;7863;7323;7400;8215;7674;547;552;531;537;533;525;522;515;513;539;550;533
Raw Data (485/Em520);74054;8848;3764;9223;8424;4458;2879;4257;3644;3991;8912;8917;8810;8405;8865;9176;8696;8861;9128;7760;4121;3892;3706;9702;9723;8475;9964;9633;18185;16526;18137;27791;32060;26708;64853;34185;65000;8891;9382;9232;18556;37048;24132;26206;23325;32071;42939;65000;64605;9391;9298;9576;8431;9113;8763;9929;9675;9788;8191;10089;9779;8533;9504;3556;8729;9061;8273;9511;8960;9050;7153;10277;9865;7304;7437;2577;7401;6891;6831;7750;7936;7347;7464;8234;7676;552;544;529;532;527;524;518;515;519;539;543;532
Raw Data (485/Em520);74664;8792;3783;9176;8440;4359;2879;4221;3683;3954;8994;8944;8815;8500;8922;9197;8730;8860;9144;7794;4020;3874;3720;9703;9743;8522;10056;9680;18260;16815;18100;27725;32063;26761;65000;33687;65000;8924;9471;9240;18548;37025;24098;26322;23312;32179;42585;65000;64509;9464;9319;9628;8532;9146;8728;9967;9671;9798;8153;10105;9783;8540;9568;3553;8758;9065;8351;9535;9032;9135;7113;10278;9915;7340;7473;2480;7460;6941;6858;7836;7941;7323;7502;8271;7749;551;544;527;532;532;526;514;520;516;527;546;535
Raw Data (485/Em520);75274;8921;3826;9202;8449;4201;2890;4268;3679;4056;8960;8873;8808;8460;8926;9154;8683;8842;9092;7786;4056;3871;3729;9674;9704;8459;10038;9679;18283;16727;18119;27877;32194;26615;65000;33542;64929;8931;9457;9223;18556;37152;24088;26325;23561;32227;42735;65000;64092;9388;9322;9596;8475;9148;8703;9937;9676;9751;8096;10046;9791;8540;9619;3560;8746;8992;8311;9521;8937;9080;7020;10302;9857;7325;7468;2416;7552;6925;6842;7813;7927;7375;7499;8266;7746;547;549;529;539;528;517;523;521;516;532;550;537
Raw Data (485/Em520);75887;8906;3770;9212;8490;4082;2899;4268;3686;4031;8946;8933;8806;8520;8941;9206;8766;8925;9162;7769;4055;3879;3707;9744;9763;8522;10096;9708;18423;16693;18352;28043;32391;27023;64990;33361;65000;8970;9513;9324;18751;37323;24397;26448;23605;32284;42451;65000;64671;9480;9397;9612;8482;9193;8866;9953;9818;9842;8072;10113;9830;8590;9626;3568;8785;9064;8341;9576;8956;9143;6926;10274;9980;7377;7585;2352;7616;7008;6882;7851;8039;7397;7561;8316;7774;545;547;532;539;528;519;522;522;521;534;547;539
Raw Data (485/Em520);76497;8937;3782;9265;8522;3970;2887;4271;3678;4061;9010;9003;8852;8523;8957;9251;8782;8938;9173;7799;4070;3899;3710;9748;9737;8560;10097;9779;18439;16726;18390;28298;32606;27059;65000;33112;65000;9016;9521;9298;18805;37385;24415;26579;23729;32435;42277;65000;64803;9506;9386;9693;8519;9198;8769;9997;9791;9847;8039;10116;9828;8669;9668;3556;8769;9088;8341;9550;9048;9174;6866;10341;9993;7409;7601;2281;7664;6995;6907;7897;8061;7453;7595;8336;7859;555;548;530;539;528;530;524;518;523;539;545;537
Raw Data (485/Em520);77107;8958;3765;9252;8537;3886;2865;4258;3672;4035;8993;8933;8837;8500;8986;9242;8800;8972;9203;7773;4072;3857;3734;9790;9833;8556;10156;9800;18492;16829;18438;28396;32759;27118;64911;33053;65000;9000;9537;9350;18846;37618;24600;26682;23750;32424;42111;65000;64689;9478;9387;9682;8536;9265;8832;10038;9824;9901;8031;10193;9858;8661;9660;3555;8819;9118;8364;9612;9048;9212;6793;10325;9953;7433;7633;2186;7758;7016;6888;7915;8084;7428;7671;8347;7868;545;551;542;545;531;530;517;519;520;529;550;540
Raw Data (485/Em520);77718;9002;3789;9231;8568;3768;2881;4245;3685;4033;9021;8987;8848;8608;8998;9231;8781;8959;9214;7859;4059;3872;3712;9873;9808;8588;10167;9803;18538;16750;18532;28400;32623;27243;64936;32780;65000;9036;9589;9361;18952;37504;24634;26685;23813;32482;42112;65000;64701;9484;9434;9697;8603;9247;8836;10070;9843;9848;7988;10186;9961;8662;9694;3558;8849;9159;8378;9595;9054;9146;6631;10379;10028;7439;7625;2099;7767;7082;6894;7954;8094;7492;7659;8406;7835;555;548;533;551;529;529;525;519;518;525;553;534
Raw Data (485/Em520);78328;8893;3785;9346;8515;3621;2871;4249;3680;4039;8997;8974;8869;8601;9028;9264;8795;8980;9222;7892;4061;3889;3708;9797;9852;8611;10165;9829;18564;16893;18648;28520;32717;27421;64975;32593;65000;9055;9544;9349;19020;37676;24647;26912;24049;32574;42095;65000;64738;9525;9455;9706;8595;9269;8868;10060;9864;9944;7947;10158;9926;8628;9699;3541;8812;9173;8400;9573;9090;9247;6535;10384;10019;7451;7658;2011;7850;7050;6986;7976;8143;7485;7708;8423;7925;558;546;536;544;521;520;528;525;524;535;551;532
Raw Data (485/Em520);78937;8990;3762;9314;8561;3568;2887;4265;3688;4051;9080;9049;8889;8602;9027;9284;8831;9028;9262;7934;4076;3908;3710;9877;9913;8666;10228;9861;18716;16737;18683;28640;32622;27510;65000;32840;65000;9142;9669;9413;19063;37552;24766;26933;24056;32711;42225;65000;64834;9557;9459;9745;8623;9241;8861;10122;9884;9923;7940;10222;9901;8688;9697;3576;8910;9121;8436;9643;9097;9209;6491;10456;10012;7507;7669;1933;7957;7069;6973;8039;8153;7542;7736;8427;7993;552;554;531;540;527;522;515;523;529;530;545;537
Raw Data (485/Em520);79548;9051;3784;9358;8568;3457;2868;4266;3653;4047;9012;9034;8910;8607;9103;9305;8838;9000;9261;7920;4089;3860;3722;9913;9916;8606;10319;9890;18628;16849;18829;28912;32736;27544;65000;32312;65000;9096;9632;9455;19118;37551;24984;26980;24290;32613;41774;65000;64883;9572;9506;9784;8624;9288;8920;10117;9848;9937;7845;10231;9927;8686;9750;3558;8891;9205;8454;9643;9127;9237;6336;10483;10064;7478;7750;1876;8022;7086;7010;8057;8160;7542;7739;8527;8022;559;549;530;544;525;529;525;524;517;539;549;542
Raw Data (485/Em520);80158;9032;3738;9381;8606;3450;2862;4250;3649;4039;9102;9099;8950;8632;9095;9350;8858;9058;9336;7943;4108;3862;3722;9884;9898;8611;10299;9901;18778;16954;18846;29032;32837;27538;65000;32259;65000;9168;9682;9447;19171;37675;24894;27268;24287;32788;41591;65000;64901;9604;9538;9850;8635;9305;8917;10160;9921;10014;7830;10274;9980;8709;9767;3567;8904;9241;8451;9664;9175;9262;6190;10481;10092;7500;7783;1812;8069;7102;7046;8044;8203;7593;7797;8479;8020;551;547;538;537;529;524;521;517;523;533;548;540
Raw Data (485/Em520);80769;9079;3758;9356;8660;3472;2878;4210;3630;4046;9089;9081;8958;8671;9123;9344;8853;9080;9291;7959;4095;3864;3727;9972;9965;8703;10354;9932;18935;16992;18852;29109;32980;27726;65000;32180;65000;9158;9735;9514;19293;37704;24993;27221;24465;32889;41446;65000;64953;9628;9567;9853;8682;9339;8900;10197;10033;9990;7774;10289;9971;8724;9812;3542;8870;9197;8469;9693;9129;9277;6179;10519;10090;7552;7813;1731;8192;7121;7096;8117;8268;7622;7804;8495;8042;557;548;528;540;535;528;528;521;523;537;559;545
Raw Data (485/Em520);81379;9086;3783;9431;8614;3462;2853;4263;3655;4078;9142;9095;8924;8651;9107;9371;8880;9088;9334;7996;4080;3875;3714;9895;9962;8756;10347;9982;18931;16952;19114;29242;33295;27977;65000;32439;65000;9198;9708;9540;19363;37448;25214;27340;24466;32878;41922;65000;65000;9658;9546;9845;8660;9391;8929;10200;9980;10030;7713;10318;9960;8748;9823;3536;8912;9251;8508;9739;9197;9310;6042;10540;10136;7565;7828;1673;8241;7152;7082;8116;8278;7641;7864;8513;8068;557;546;540;552;532;527;531;522;527;533;552;542
Raw Data (485/Em520);81990;9097;3770;9415;8643;3473;2861;4241;3612;4051;9120;9172;8926;8747;9158;9391;8871;9037;9345;7973;4069;3874;3718;9951;10001;8720;10391;9982;18998;16923;19094;29303;33089;27932;65000;32405;65000;9202;9749;9516;19459;37802;25241;27420;24570;32929;41552;65000;64944;9652;9578;9905;8721;9330;8990;10204;9993;10038;7636;10318;10015;8751;9817;3473;8987;9266;8455;9798;9190;9250;5914;10526;10166;7603;7918;1691;8305;7194;7094;8186;8304;7645;7901;8572;8085;553;555;529;542;529;521;519;525;523;545;550;547
Raw Data (485/Em520);82600;9083;3729;9451;8614;3472;2865;4221;3609;4038;9130;9138;8951;8719;9163;9422;8906;9113;9321;7987;4066;3858;3683;9954;9958;8751;10488;10002;19063;16994;19136;29423;33298;28138;65000;32070;65000;9247;9774;9522;19371;37896;25203;27462;24800;32942;41364;65000;64934;9668;9585;9941;8699;9401;8910;10183;9979;9996;7602;10320;9972;8771;9859;3442;8965;9228;8481;9724;9225;9288;5734;10542;10145;7589;7887;1768;8325;7188;7120;8114;8357;7668;7937;8578;8102;560;547;531;545;532;527;518;521;521;536;540;537
Raw Data (485/Em520);83212;9145;3767;9447;8587;3464;2854;4239;3611;4041;9146;9119;8996;8769;9168;9380;8919;9040;9356;7959;4101;3837;3700;9940;10011;8784;10493;10052;19137;16988;19205;29630;33390;28159;65000;31901;65000;9301;9779;9507;19556;37854;25359;27692;24855;33030;41379;65000;65000;9698;9593;9963;8738;9375;9008;10246;10035;10107;7491;10357;9971;8772;9837;3468;8930;9260;8500;9769;9274;9367;5607;10538;10156;7632;7938;1887;8441;7191;7151;8198;8330;7730;7926;8616;8141;561;551;528;543;536;524;525;517;523;540;551;545
Raw Data (485/Em520);83823;9132;3754;9482;8687;3476;2855;4206;3600;4048;9177;9121;8924;8733;9177;9457;8918;9141;9357;7999;4070;3845;3687;10002;10039;8778;10517;10100;19277;17099;19285;29616;33430;28472;65000;31935;65000;9295;9835;9581;19659;37872;25386;27845;24939;33088;41420;65000;65000;9724;9623;9891;8763;9381;8979;10303;10025;10034;7452;10389;10034;8811;9787;3459;8988;9300;8459;9795;9246;9386;5457;10526;10169;7607;7997;1907;8530;7207;7186;8198;8365;7751;7929;8656;8194;560;554;537;548;534;525;531;519;521;546;553;541
Raw Data (485/Em520);84434;9145;3729;9443;8702;3457;2839;4206;3590;4053;9176;9177;9005;8767;9260;9437;8950;9127;9440;8029;4077;3813;3707;10043;10033;8739;10581;10060;19385;16890;19365;29725;33348;28444;65000;31558;65000;9356;9837;9586;19625;37969;25469;27960;24970;33160;41311;65000;65000;9748;9669;9960;8745;9402;8959;10317;10077;10133;7367;10387;10060;8872;9933;3465;8979;9258;8574;9754;9266;9340;5305;10528;10142;7643;7973;1939;8616;7239;7188;8198;8405;7769;8019;8652;8200;559;549;538;543;535;522;525;524;529;539;548;541
Raw Data (485/Em520);85044;9194;3759;9499;8690;3489;2845;4201;3625;4029;9216;9158;8999;8790;9241;9424;8981;9159;9494;8062;4096;3871;3684;10034;10028;8800;10607;10096;19410;17093;19509;29832;33585;28616;65000;31169;65000;9398;9864;9633;19715;37915;25593;27983;25091;33311;41241;65000;65000;9753;9666;9996;8783;9415;9012;10309;10068;10134;7317;10365;10124;8817;9918;3463;8999;9310;8562;9810;9265;9375;5126;10615;10275;7665;8051;1929;8692;7287;7257;8283;8421;7808;7955;8682;8187;560;555;535;539;533;528;532;528;527;543;561;542
Raw Data (485/Em520);85655;9175;3754;9456;8731;3488;2857;4227;3604;4015;9154;9247;9023;8777;9242;9534;8945;9202;9430;8064;4093;3838;3708;10102;10097;8820;10608;10190;19324;16994;19448;29925;33646;28637;65000;30802;65000;9371;9920;9618;19846;38135;25621;28194;25297;33341;41231;65000;64987;9750;9722;10029;8773;9438;9029;10290;10157;10157;7215;10428;10071;8876;9922;3465;9049;9319;8559;9853;9304;9414;4966;10650;10244;7709;8068;1931;8766;7308;7244;8312;8485;7824;8039;8731;8264;554;554;531;543;535;527;529;514;522;544;552;541
Raw Data (485/Em520);86266;9245;3773;9499;8703;3455;2835;4225;3575;4036;9200;9185;8945;8797;9296;9459;8974;9163;9438;8094;4082;3826;3711;10052;10030;8802;10663;10154;19391;16986;19452;30010;33474;28812;65000;31328;65000;9368;9898;9655;19876;37860;25587;28308;25271;33194;41276;65000;64753;9805;9760;9990;8783;9425;9058;10351;10098;10197;7151;10409;10049;8894;9958;3467;9007;9324;8535;9825;9261;9404;4862;10593;10194;7676;8079;1940;8827;7307;7265;8359;8444;7848;8061;8714;8219;552;546;539;544;529;529;519;526;520;537;556;543
Raw Data (485/Em520);86876;9229;3743;9572;8730;3463;2823;4168;3562;3996;9254;9233;9024;8794;9259;9537;8998;9211;9474;8113;4048;3810;3670;10117;10108;8817;10709;10191;19495;17026;19811;30284;33892;28870;65000;31679;65000;9414;9896;9648;19903;38182;25652;28535;25513;33461;41315;65000;65000;9793;9756;10074;8824;9519;9055;10397;10168;10211;7069;10506;10099;8906;9963;3444;9085;9326;8640;9869;9323;9393;4719;10611;10239;7727;8071;1949;8948;7355;7307;8357;8495;7894;8091;8769;8218;563;557;537;553;541;525;526;531;535;535;557;546
Raw Data (485/Em520);87487;9251;3760;9553;8734;3483;2854;4188;3584;4056;9260;9198;9100;8834;9304;9545;9001;9205;9491;8119;4061;3839;3666;10107;10163;8877;10711;10199;19615;17000;19743;30290;33638;28832;65000;30811;65000;9458;9987;9659;20040;37941;25808;28683;25536;33610;41260;65000;65000;9829;9725;10068;8860;9519;9048;10371;10172;10243;6987;10475;10131;8953;10011;3426;9060;9355;8540;9917;9328;9480;4604;10623;10228;7795;8139;1952;8985;7332;7259;8371;8556;7891;8109;8787;8281;563;554;536;546;536;524;529;527;525;539;562;546
Raw Data (485/Em520);88097;9276;3746;9632;8777;3477;2850;4219;3580;4045;9259;9280;9086;8843;9330;9544;8985;9235;9502;8115;4065;3806;3663;10112;10118;8860;10762;10252;19640;16895;19821;30335;33708;29011;65000;30958;65000;9494;9987;9729;20031;38249;25882;28742;25602;33671;40961;65000;64973;9840;9802;10067;8831;9522;9115;10413;10162;10224;6876;10530;10080;8960;9994;3405;9088;9375;8607;9966;9370;9462;4466;10673;10255;7777;8225;1955;9049;7406;7356;8400;8592;7939;8139;8792;8295;559;550;539;548;535;531;532;534;529;534;560;544
Raw Data (485/Em520);88708;9286;3738;9646;8794;3508;2846;4231;3602;4093;9250;9273;9114;8897;9386;9562;9044;9254;9551;8108;4095;3848;3686;10128;10077;8916;10808;10287;19726;16956;19897;30510;33873;29294;65000;30399;65000;9478;9963;9714;20084;37994;25950;28936;25762;33785;41262;65000;65000;9893;9780;10134;8860;9486;9138;10413;10184;10196;6754;10572;10108;8937;9998;3476;9084;9414;8629;9958;9419;9477;4314;10685;10294;7776;8274;1973;9129;7409;7402;8430;8586;7966;8171;8876;8392;554;552;537;540;527;531;529;518;530;543;555;547
Raw Data (485/Em520);89319;9284;3737;9594;8740;3477;2824;4185;3561;4031;9243;9217;9073;8876;9297;9600;8983;9264;9529;8159;4024;3791;3638;10169;10099;8882;10833;10240;19726;16929;19854;30302;33734;29076;65000;31039;65000;9517;10041;9761;20162;38204;25818;28917;25895;33650;40891;65000;65000;9895;9738;10133;8838;9565;9120;10432;10169;10298;6613;10541;10145;8945;10053;3381;9055;9404;8661;9948;9405;9468;4173;10700;10269;7789;8258;1983;9203;7432;7365;8429;8637;7962;8151;8829;8371;553;551;535;551;535;535;526;518;531;539;554;547
;;;;;;;;;;;;;;;;;;;;;;;;;;;;;;;;;;;;;;;;;;;;;;;;;;;;;;;;;;;;;;;;;;;;;;;;;;;;;;;;;;;;;;;;;;;;;;;;;
