User: USER;Path: C:\Program Files\BMG\OPTIMA\User\Data\;Test run no.: 7556
Test name: ABS ECOLI;Date: 2017-11-28;Time: 3:43:35 PM
ID1: 20170517_AP33  1;ID2: Absorbance;
Absorbance

Well Row;;A;A;A;A;A;A;A;A;A;A;A;A;B;B;B;B;B;B;B;B;B;B;B;B;C;C;C;C;C;C;C;C;C;C;C;C;D;D;D;D;D;D;D;D;D;D;D;D;E;E;E;E;E;E;E;E;E;E;E;E;F;F;F;F;F;F;F;F;F;F;F;F;G;G;G;G;G;G;G;G;G;G;G;G;H;H;H;H;H;H;H;H;H;H;H;H
Well Col;;1;2;3;4;5;6;7;8;9;10;11;12;1;2;3;4;5;6;7;8;9;10;11;12;1;2;3;4;5;6;7;8;9;10;11;12;1;2;3;4;5;6;7;8;9;10;11;12;1;2;3;4;5;6;7;8;9;10;11;12;1;2;3;4;5;6;7;8;9;10;11;12;1;2;3;4;5;6;7;8;9;10;11;12;1;2;3;4;5;6;7;8;9;10;11;12
Content;Time [s];Sample X1;Sample X2;Sample X3;Sample X4;Sample X5;Sample X6;Sample X7;Sample X8;Sample X9;Sample X10;Sample X11;Sample X12;Sample X1;Sample X2;Sample X3;Sample X4;Sample X5;Sample X6;Sample X7;Sample X8;Sample X9;Sample X10;Sample X11;Sample X12;Sample X1;Sample X2;Sample X3;Sample X4;Sample X5;Sample X6;Sample X7;Sample X8;Sample X9;Sample X10;Sample X11;Sample X12;Sample X1;Sample X2;Sample X3;Sample X4;Sample X5;Sample X6;Sample X7;Sample X8;Sample X9;Sample X10;Sample X11;Sample X12;Sample X1;Sample X2;Sample X3;Sample X4;Sample X5;Sample X6;Sample X7;Sample X8;Sample X9;Sample X10;Sample X11;Sample X12;Sample X1;Sample X2;Sample X3;Sample X4;Sample X5;Sample X6;Sample X7;Sample X8;Sample X9;Sample X10;Sample X11;Sample X12;Sample X1;Sample X2;Sample X3;Sample X4;Sample X5;Sample X6;Sample X7;Sample X8;Sample X9;Sample X10;Sample X11;Sample X12;Sample X1;Sample X2;Sample X3;Sample X4;Sample X5;Sample X6;Sample X7;Sample X8;Sample X9;Sample X10;Sample X11;Sample X12
Raw Data (584);0;1.884;1.926;2.027;1.807;1.868;1.864;1.997;2.123;2.058;1.981;1.99;1.918;1.966;1.955;2.002;2.026;2.009;1.914;2.336;1.937;1.908;1.845;1.914;1.904;1.939;1.921;1.892;1.893;1.794;1.914;2.041;1.974;2.026;1.884;1.921;1.938;1.855;1.834;1.932;1.842;1.861;2.016;2.014;2.029;2.76;1.915;1.943;1.904;1.897;1.984;2.059;1.996;2.012;2.003;1.713;1.758;1.791;1.615;1.664;1.634;1.892;1.993;1.877;1.895;1.972;2.028;1.66;1.69;1.594;1.607;1.689;1.612;0.474;0.482;0.475;0.446;0.381;0.449;0.452;0.492;0.436;0.454;0.445;0.45;0.092;0.11;0.088;0.095;0.098;0.115;0.114;0.116;0.106;0.087;0.091;0.111
Raw Data (584);614;1.902;1.93;2.029;1.819;1.858;1.854;2.016;2.137;2.083;1.968;1.992;1.95;2.02;2.007;2.023;2.04;2.016;1.942;2.533;1.987;1.957;1.905;1.911;1.927;2.032;1.954;1.919;1.969;1.825;1.986;2.101;2.016;2.034;1.933;1.972;1.971;1.912;1.865;2.004;1.899;1.9;2.041;2.05;2.045;2.643;1.976;1.984;1.948;1.958;2.027;2.146;2.023;2.035;2.061;1.792;1.822;1.837;1.66;1.693;1.71;1.948;2.029;1.95;1.945;2.005;2.079;1.764;1.778;1.68;1.692;1.723;1.679;0.462;0.5;0.484;0.455;0.473;0.448;0.464;0.521;0.438;0.476;0.469;0.486;0.098;0.116;0.092;0.103;0.116;0.118;0.126;0.131;0.111;0.101;0.09;0.123
Raw Data (584);1225;1.924;1.965;2.052;1.849;1.888;1.88;2.038;2.175;2.123;1.978;2.022;1.995;2.071;2.037;2.063;2.075;2.05;1.99;2.608;2.039;2.009;1.943;1.958;1.979;2.115;2.003;1.971;2.017;1.835;2.038;2.16;2.06;2.07;2.018;2.031;2.012;1.96;1.901;2.084;1.964;1.949;2.091;2.112;2.113;2.696;2.017;2.042;1.996;2.012;2.071;2.194;2.048;2.059;2.116;1.854;1.881;1.867;1.713;1.755;1.779;1.99;2.083;2.007;1.958;2.052;2.11;1.856;1.831;1.729;1.746;1.785;1.748;0.493;0.526;0.513;0.468;0.497;0.474;0.493;0.553;0.446;0.514;0.5;0.506;0.109;0.124;0.11;0.109;0.123;0.128;0.128;0.134;0.118;0.1;0.103;0.132
Raw Data (584);1837;1.925;1.974;2.059;1.862;1.894;1.889;2.052;2.183;2.152;1.996;2.063;2.057;2.103;2.08;2.076;2.087;2.052;2.017;2.599;2.076;2.035;1.999;1.973;2.02;2.119;2.014;1.99;2.031;1.846;2.055;2.176;2.084;2.087;2.064;2.051;2.029;1.97;1.915;2.114;1.99;1.977;2.093;2.127;2.141;2.595;2.058;2.078;2.022;2.025;2.096;2.196;2.046;2.059;2.131;1.869;1.911;1.89;1.755;1.757;1.818;2.009;2.09;2.057;1.977;2.047;2.157;1.905;1.87;1.74;1.8;1.814;1.789;0.471;0.506;0.5;0.44;0.483;0.511;0.478;0.547;0.438;0.506;0.492;0.499;0.106;0.114;0.098;0.107;0.116;0.121;0.129;0.128;0.113;0.104;0.097;0.128
Raw Data (584);2447;1.943;1.98;2.064;1.871;1.901;1.884;2.058;2.179;2.155;2.009;2.078;2.067;2.108;2.104;2.077;2.097;2.065;2.034;2.682;2.102;2.055;2.031;1.977;2.03;2.131;2.028;2;2.038;1.857;2.065;2.193;2.103;2.11;2.112;2.075;2.048;1.993;1.934;2.131;2.007;1.998;2.112;2.147;2.173;2.624;2.075;2.107;2.043;2.041;2.094;2.209;2.051;2.069;2.142;1.902;1.937;1.9;1.779;1.779;1.839;2.022;2.116;2.085;1.981;2.071;2.177;1.929;1.876;1.753;1.809;1.822;1.807;0.481;0.526;0.509;0.456;0.487;0.469;0.497;0.559;0.441;0.532;0.504;0.505;0.101;0.117;0.096;0.108;0.113;0.115;0.115;0.126;0.109;0.097;0.099;0.116
Raw Data (584);3056;1.957;1.99;2.053;1.878;1.91;1.888;2.063;2.189;2.167;2.015;2.111;2.099;2.143;2.132;2.084;2.094;2.074;2.041;2.694;2.121;2.093;2.084;1.989;2.042;2.133;2.032;2.009;2.046;1.857;2.079;2.205;2.122;2.126;2.166;2.098;2.072;2.009;1.954;2.15;2.014;2.022;2.121;2.165;2.212;2.543;2.114;2.138;2.066;2.06;2.115;2.222;2.063;2.074;2.153;1.921;1.97;1.923;1.804;1.802;1.87;2.043;2.124;2.121;1.994;2.074;2.191;1.969;1.905;1.782;1.864;1.856;1.841;0.471;0.51;0.505;0.435;0.474;0.462;0.481;0.56;0.428;0.529;0.502;0.501;0.103;0.122;0.099;0.099;0.107;0.118;0.126;0.131;0.115;0.098;0.095;0.122
Raw Data (584);3666;1.977;2.006;2.064;1.906;1.924;1.905;2.077;2.198;2.176;2.036;2.137;2.124;2.142;2.14;2.087;2.096;2.092;2.069;2.741;2.157;2.131;2.133;2.013;2.078;2.155;2.046;2.022;2.061;1.862;2.089;2.224;2.141;2.148;2.203;2.122;2.104;2.038;1.967;2.156;2.022;2.05;2.132;2.181;2.229;2.609;2.162;2.172;2.094;2.08;2.137;2.232;2.083;2.086;2.163;1.943;1.993;1.939;1.833;1.818;1.888;2.057;2.143;2.145;1.999;2.088;2.202;1.997;1.929;1.813;1.876;1.878;1.863;0.491;0.533;0.523;0.466;0.487;0.471;0.503;0.581;0.442;0.556;0.518;0.516;0.105;0.128;0.105;0.105;0.118;0.126;0.129;0.128;0.109;0.099;0.097;0.131
Raw Data (584);4276;1.959;1.997;2.057;1.895;1.913;1.907;2.079;2.178;2.177;2.046;2.172;2.18;2.158;2.152;2.075;2.102;2.078;2.077;2.686;2.169;2.151;2.168;2;2.075;2.157;2.039;2.016;2.058;1.85;2.09;2.224;2.147;2.156;2.234;2.12;2.124;2.028;1.968;2.147;2.025;2.073;2.118;2.187;2.243;2.51;2.195;2.185;2.119;2.075;2.127;2.231;2.085;2.078;2.147;1.943;2.003;1.951;1.861;1.845;1.925;2.061;2.135;2.166;2.03;2.095;2.205;2.011;1.94;1.835;1.915;1.896;1.889;0.469;0.507;0.492;0.437;0.47;0.44;0.476;0.553;0.428;0.52;0.496;0.5;0.093;0.109;0.095;0.097;0.104;0.106;0.129;0.122;0.11;0.092;0.094;0.121
Raw Data (584);4889;1.979;2.007;2.062;1.89;1.931;1.908;2.089;2.172;2.189;2.038;2.174;2.188;2.162;2.16;2.071;2.09;2.078;2.078;2.743;2.192;2.179;2.21;2.001;2.082;2.145;2.046;2.021;2.062;1.85;2.093;2.229;2.158;2.159;2.24;2.128;2.129;2.041;1.98;2.163;2.04;2.089;2.11;2.202;2.262;2.517;2.221;2.195;2.127;2.094;2.136;2.227;2.094;2.089;2.153;1.955;2.016;1.97;1.871;1.855;1.935;2.068;2.135;2.189;2.025;2.102;2.204;2.029;1.955;1.845;1.93;1.905;1.901;0.455;0.513;0.503;0.444;0.466;0.445;0.482;0.552;0.418;0.522;0.493;0.502;0.096;0.114;0.089;0.089;0.103;0.117;0.121;0.121;0.108;0.09;0.091;0.111
Raw Data (584);5499;1.991;2.022;2.065;1.92;1.936;1.93;2.123;2.176;2.225;2.061;2.198;2.231;2.189;2.175;2.077;2.11;2.103;2.096;2.791;2.227;2.213;2.268;2.021;2.101;2.161;2.054;2.033;2.078;1.857;2.103;2.245;2.177;2.179;2.275;2.148;2.156;2.063;1.999;2.191;2.052;2.127;2.105;2.212;2.284;2.509;2.282;2.205;2.127;2.106;2.144;2.25;2.108;2.107;2.169;1.969;2.032;1.99;1.909;1.88;1.96;2.085;2.159;2.221;2.05;2.124;2.223;2.067;1.98;1.878;1.959;1.939;1.936;0.457;0.521;0.511;0.432;0.463;0.451;0.489;0.561;0.425;0.541;0.498;0.503;0.104;0.114;0.09;0.099;0.11;0.118;0.125;0.129;0.106;0.095;0.091;0.119
Raw Data (584);6110;2.001;2.017;2.068;1.917;1.94;1.946;2.147;2.168;2.236;2.057;2.225;2.25;2.184;2.183;2.081;2.112;2.11;2.106;2.791;2.248;2.243;2.311;2.024;2.102;2.182;2.063;2.03;2.086;1.86;2.116;2.264;2.184;2.195;2.293;2.16;2.179;2.078;2.008;2.201;2.055;2.153;2.107;2.222;2.307;2.516;2.315;2.222;2.12;2.115;2.154;2.25;2.117;2.106;2.171;1.987;2.05;2.006;1.93;1.902;1.985;2.096;2.167;2.244;2.075;2.146;2.223;2.075;2.004;1.907;1.976;1.957;1.96;0.464;0.511;0.513;0.441;0.463;0.456;0.491;0.561;0.424;0.55;0.509;0.512;0.103;0.118;0.096;0.103;0.115;0.116;0.127;0.122;0.111;0.093;0.085;0.118
Raw Data (584);6720;2.018;2.025;2.074;1.935;1.962;1.97;2.161;2.156;2.238;2.075;2.233;2.28;2.204;2.2;2.088;2.113;2.134;2.122;2.833;2.287;2.284;2.363;2.037;2.115;2.205;2.075;2.043;2.098;1.867;2.116;2.271;2.205;2.215;2.318;2.182;2.194;2.089;2.025;2.224;2.067;2.183;2.102;2.237;2.322;2.503;2.326;2.233;2.113;2.126;2.17;2.254;2.127;2.119;2.185;1.994;2.076;2.03;1.967;1.934;2.007;2.114;2.182;2.269;2.085;2.147;2.237;2.098;2.026;1.927;1.987;1.978;1.99;0.469;0.527;0.515;0.446;0.473;0.454;0.503;0.571;0.432;0.556;0.507;0.514;0.106;0.119;0.104;0.103;0.115;0.127;0.127;0.129;0.118;0.095;0.101;0.121
Raw Data (584);7330;2.028;2.041;2.073;1.935;1.971;1.994;2.19;2.154;2.248;2.078;2.255;2.319;2.217;2.218;2.093;2.125;2.133;2.123;2.837;2.322;2.326;2.417;2.047;2.116;2.216;2.084;2.054;2.113;1.862;2.124;2.284;2.229;2.232;2.337;2.208;2.215;2.106;2.027;2.232;2.07;2.211;2.099;2.236;2.336;2.497;2.407;2.248;2.114;2.141;2.17;2.26;2.134;2.138;2.187;2.015;2.089;2.05;1.991;1.939;2.015;2.127;2.187;2.297;2.095;2.159;2.233;2.118;2.049;1.94;2.016;2.003;2.01;0.474;0.534;0.514;0.443;0.471;0.447;0.498;0.579;0.421;0.556;0.523;0.518;0.11;0.119;0.096;0.105;0.115;0.122;0.134;0.129;0.112;0.094;0.094;0.124
Raw Data (584);7940;2.044;2.044;2.081;1.931;1.98;2.016;2.208;2.127;2.235;2.085;2.26;2.368;2.22;2.221;2.084;2.13;2.133;2.135;2.88;2.35;2.369;2.468;2.044;2.127;2.228;2.096;2.052;2.118;1.856;2.124;2.296;2.236;2.231;2.347;2.242;2.219;2.108;2.03;2.247;2.078;2.234;2.082;2.235;2.356;2.496;2.47;2.247;2.093;2.137;2.184;2.256;2.136;2.144;2.193;2.02;2.103;2.055;2.009;1.953;2.038;2.136;2.193;2.321;2.112;2.174;2.232;2.129;2.047;1.966;2.026;2.013;2.025;0.465;0.52;0.504;0.443;0.47;0.445;0.489;0.559;0.421;0.549;0.515;0.517;0.104;0.119;0.096;0.1;0.112;0.121;0.124;0.122;0.108;0.096;0.097;0.119
Raw Data (584);8550;2.047;2.046;2.076;1.939;1.983;2.02;2.263;2.104;2.232;2.089;2.271;2.428;2.223;2.223;2.083;2.129;2.142;2.136;2.892;2.381;2.392;2.511;2.055;2.136;2.245;2.102;2.057;2.112;1.853;2.134;2.308;2.245;2.246;2.359;2.275;2.228;2.115;2.035;2.26;2.072;2.259;2.075;2.241;2.367;2.49;2.518;2.243;2.08;2.144;2.186;2.264;2.137;2.146;2.189;2.027;2.112;2.071;2.017;1.964;2.045;2.146;2.205;2.347;2.116;2.173;2.222;2.144;2.067;1.994;2.045;2.037;2.048;0.468;0.516;0.501;0.432;0.469;0.448;0.488;0.57;0.42;0.54;0.512;0.506;0.097;0.109;0.091;0.101;0.11;0.112;0.119;0.114;0.108;0.092;0.09;0.117
Raw Data (584);9160;2.056;2.057;2.074;1.944;1.993;2.026;2.3;2.097;2.248;2.091;2.264;2.486;2.226;2.235;2.091;2.132;2.148;2.139;2.908;2.413;2.438;2.549;2.063;2.136;2.269;2.115;2.068;2.12;1.856;2.141;2.313;2.252;2.256;2.377;2.311;2.244;2.125;2.046;2.278;2.09;2.292;2.074;2.248;2.382;2.49;2.515;2.24;2.077;2.153;2.199;2.278;2.141;2.165;2.195;2.043;2.118;2.086;2.046;1.989;2.067;2.159;2.212;2.369;2.118;2.177;2.228;2.169;2.089;2.022;2.05;2.051;2.067;0.463;0.516;0.497;0.434;0.461;0.438;0.484;0.563;0.42;0.542;0.519;0.513;0.107;0.109;0.091;0.099;0.108;0.12;0.124;0.121;0.105;0.086;0.09;0.111
Raw Data (584);9770;2.085;2.068;2.078;1.947;2.02;2.044;2.345;2.085;2.251;2.107;2.283;2.523;2.243;2.241;2.1;2.147;2.154;2.151;2.928;2.446;2.492;2.604;2.075;2.15;2.297;2.146;2.076;2.139;1.85;2.151;2.321;2.266;2.273;2.39;2.341;2.256;2.142;2.062;2.291;2.095;2.33;2.07;2.254;2.39;2.487;2.492;2.244;2.086;2.168;2.209;2.28;2.157;2.177;2.211;2.046;2.141;2.107;2.064;2.005;2.09;2.181;2.232;2.396;2.148;2.198;2.235;2.19;2.116;2.046;2.078;2.078;2.091;0.46;0.527;0.508;0.448;0.469;0.453;0.502;0.571;0.418;0.551;0.523;0.512;0.109;0.118;0.104;0.096;0.115;0.123;0.126;0.129;0.113;0.096;0.096;0.119
Raw Data (584);10381;2.092;2.077;2.077;1.946;2.037;2.073;2.414;2.063;2.237;2.114;2.311;2.576;2.257;2.255;2.098;2.148;2.167;2.152;2.95;2.467;2.532;2.643;2.089;2.148;2.311;2.152;2.077;2.143;1.852;2.157;2.335;2.28;2.289;2.404;2.335;2.265;2.154;2.068;2.3;2.1;2.36;2.062;2.26;2.421;2.483;2.417;2.242;2.078;2.178;2.214;2.279;2.161;2.186;2.201;2.063;2.149;2.119;2.099;2.023;2.095;2.192;2.239;2.433;2.148;2.203;2.24;2.209;2.13;2.061;2.076;2.09;2.1;0.466;0.526;0.512;0.442;0.472;0.444;0.499;0.573;0.423;0.56;0.518;0.515;0.105;0.114;0.098;0.097;0.116;0.122;0.127;0.129;0.106;0.099;0.105;0.126
Raw Data (584);10992;2.111;2.084;2.066;1.954;2.034;2.112;2.454;2.01;2.227;2.12;2.331;2.594;2.256;2.257;2.097;2.142;2.164;2.138;2.958;2.493;2.535;2.646;2.077;2.149;2.307;2.17;2.083;2.142;1.847;2.157;2.34;2.282;2.29;2.416;2.319;2.261;2.163;2.065;2.308;2.103;2.378;2.064;2.257;2.421;2.476;2.341;2.233;2.104;2.174;2.225;2.295;2.163;2.198;2.18;2.068;2.135;2.133;2.119;2.027;2.1;2.208;2.246;2.457;2.163;2.207;2.233;2.216;2.133;2.09;2.088;2.095;2.115;0.451;0.521;0.501;0.439;0.467;0.432;0.486;0.57;0.421;0.543;0.519;0.512;0.102;0.105;0.087;0.093;0.104;0.118;0.115;0.124;0.107;0.086;0.091;0.113
Raw Data (584);11603;2.133;2.092;2.087;1.972;2.059;2.159;2.505;1.963;2.208;2.123;2.339;2.568;2.271;2.272;2.112;2.16;2.182;2.153;2.961;2.521;2.535;2.643;2.092;2.161;2.334;2.188;2.094;2.148;1.868;2.161;2.344;2.283;2.304;2.429;2.282;2.265;2.182;2.074;2.328;2.109;2.414;2.066;2.266;2.434;2.482;2.253;2.239;2.108;2.195;2.235;2.294;2.166;2.221;2.179;2.091;2.151;2.14;2.143;2.042;2.121;2.237;2.254;2.481;2.166;2.216;2.226;2.239;2.151;2.125;2.125;2.121;2.132;0.464;0.521;0.507;0.438;0.465;0.442;0.492;0.569;0.424;0.559;0.53;0.51;0.106;0.115;0.081;0.097;0.102;0.123;0.121;0.125;0.114;0.094;0.089;0.117
Raw Data (584);12214;2.156;2.107;2.085;1.964;2.066;2.183;2.515;1.915;2.197;2.145;2.372;2.57;2.277;2.278;2.115;2.168;2.183;2.171;2.972;2.55;2.535;2.635;2.099;2.153;2.35;2.21;2.095;2.161;1.881;2.159;2.356;2.3;2.308;2.451;2.24;2.266;2.189;2.085;2.342;2.112;2.436;2.07;2.274;2.457;2.481;2.156;2.226;2.112;2.192;2.236;2.293;2.17;2.23;2.189;2.094;2.16;2.16;2.154;2.053;2.138;2.253;2.256;2.509;2.174;2.219;2.211;2.258;2.157;2.161;2.131;2.139;2.155;0.466;0.526;0.502;0.441;0.469;0.448;0.496;0.571;0.424;0.564;0.538;0.513;0.099;0.115;0.093;0.096;0.11;0.117;0.12;0.13;0.111;0.091;0.088;0.119
Raw Data (584);12824;2.168;2.089;2.084;1.974;2.061;2.17;2.549;1.884;2.171;2.145;2.389;2.535;2.287;2.286;2.126;2.173;2.182;2.16;2.993;2.581;2.56;2.643;2.107;2.162;2.386;2.219;2.099;2.176;1.86;2.171;2.364;2.302;2.317;2.463;2.158;2.271;2.193;2.088;2.357;2.114;2.449;2.068;2.271;2.46;2.464;2.056;2.218;2.107;2.212;2.251;2.298;2.176;2.243;2.173;2.107;2.166;2.176;2.185;2.071;2.139;2.271;2.28;2.549;2.186;2.227;2.2;2.272;2.166;2.189;2.139;2.149;2.164;0.463;0.523;0.492;0.448;0.463;0.436;0.491;0.569;0.422;0.566;0.533;0.513;0.1;0.113;0.094;0.1;0.106;0.119;0.119;0.134;0.104;0.094;0.086;0.124
Raw Data (584);13435;2.197;2.098;2.084;1.979;2.075;2.162;2.526;1.853;2.154;2.164;2.383;2.435;2.286;2.295;2.126;2.175;2.192;2.167;3.011;2.605;2.659;2.641;2.121;2.166;2.395;2.236;2.11;2.185;1.772;2.175;2.382;2.305;2.328;2.469;2.119;2.278;2.207;2.094;2.37;2.121;2.471;2.071;2.281;2.466;2.47;1.986;2.21;2.11;2.208;2.256;2.301;2.183;2.254;2.166;2.123;2.17;2.184;2.206;2.085;2.145;2.295;2.284;2.567;2.187;2.224;2.193;2.282;2.176;2.228;2.142;2.169;2.186;0.469;0.52;0.493;0.443;0.463;0.44;0.502;0.568;0.418;0.548;0.559;0.528;0.103;0.111;0.096;0.097;0.114;0.114;0.124;0.128;0.101;0.096;0.086;0.121
Raw Data (584);14046;2.21;2.086;2.092;1.977;2.081;2.152;2.518;1.808;2.132;2.16;2.417;2.509;2.302;2.296;2.136;2.183;2.196;2.171;3.031;2.617;2.634;2.608;2.118;2.172;2.423;2.252;2.112;2.18;1.749;2.177;2.385;2.307;2.345;2.486;2.139;2.276;2.215;2.102;2.38;2.118;2.487;2.075;2.283;2.482;2.466;1.938;2.211;2.107;2.212;2.26;2.304;2.185;2.29;2.157;2.136;2.168;2.206;2.223;2.093;2.169;2.318;2.29;2.6;2.203;2.236;2.17;2.288;2.187;2.265;2.166;2.18;2.198;0.479;0.535;0.495;0.441;0.47;0.445;0.504;0.571;0.425;0.561;0.569;0.52;0.102;0.115;0.096;0.098;0.112;0.113;0.125;0.127;0.107;0.096;0.09;0.121
Raw Data (584);14656;2.237;2.086;2.083;1.993;2.087;2.139;2.498;1.803;2.126;2.167;2.457;2.563;2.296;2.309;2.136;2.188;2.204;2.171;3.067;2.613;2.598;2.556;2.129;2.172;2.444;2.256;2.118;2.185;1.723;2.183;2.394;2.316;2.358;2.497;2.135;2.278;2.222;2.104;2.392;2.117;2.503;2.069;2.28;2.491;2.462;1.927;2.205;2.097;2.224;2.269;2.311;2.188;2.315;2.151;2.146;2.167;2.224;2.231;2.111;2.175;2.352;2.291;2.616;2.207;2.245;2.144;2.31;2.206;2.287;2.179;2.194;2.215;0.465;0.515;0.493;0.443;0.462;0.438;0.497;0.57;0.41;0.563;0.582;0.514;0.103;0.109;0.095;0.091;0.108;0.118;0.122;0.12;0.107;0.097;0.095;0.115
Raw Data (584);15267;2.243;2.089;2.091;1.974;2.098;2.14;2.541;1.784;2.121;2.167;2.441;2.549;2.313;2.313;2.144;2.191;2.208;2.179;3.07;2.618;2.535;2.621;2.142;2.179;2.434;2.272;2.127;2.191;1.779;2.186;2.408;2.314;2.36;2.503;2.126;2.282;2.238;2.117;2.408;2.121;2.503;2.07;2.29;2.495;2.442;1.959;2.195;2.1;2.229;2.27;2.32;2.196;2.335;2.152;2.157;2.19;2.232;2.248;2.122;2.182;2.357;2.3;2.633;2.218;2.244;2.104;2.321;2.222;2.246;2.189;2.211;2.23;0.47;0.517;0.498;0.448;0.464;0.44;0.492;0.568;0.42;0.56;0.6;0.522;0.105;0.113;0.085;0.096;0.109;0.117;0.114;0.128;0.107;0.089;0.083;0.123
Raw Data (584);15878;2.273;2.083;2.099;1.968;2.1;2.149;2.595;1.76;2.131;2.182;2.466;2.652;2.318;2.314;2.154;2.194;2.213;2.17;3.092;2.613;2.471;2.669;2.143;2.179;2.46;2.28;2.129;2.197;1.891;2.187;2.425;2.308;2.369;2.512;2.161;2.287;2.24;2.126;2.418;2.131;2.509;2.07;2.294;2.505;2.434;1.992;2.187;2.111;2.232;2.282;2.327;2.183;2.345;2.167;2.171;2.19;2.234;2.277;2.139;2.205;2.392;2.312;2.654;2.219;2.246;2.106;2.333;2.23;2.265;2.194;2.226;2.248;0.474;0.534;0.487;0.449;0.466;0.457;0.499;0.567;0.42;0.558;0.643;0.519;0.097;0.115;0.091;0.098;0.109;0.116;0.127;0.124;0.107;0.089;0.093;0.116
Raw Data (584);16488;2.291;2.074;2.091;1.968;2.098;2.177;2.69;1.751;2.104;2.201;2.506;2.7;2.313;2.32;2.163;2.196;2.223;2.168;3.112;2.6;2.43;2.607;2.146;2.178;2.482;2.282;2.132;2.212;1.934;2.202;2.433;2.316;2.374;2.518;2.176;2.282;2.247;2.121;2.429;2.128;2.518;2.079;2.296;2.514;2.434;2.013;2.186;2.095;2.232;2.281;2.331;2.188;2.357;2.169;2.183;2.201;2.253;2.291;2.144;2.207;2.423;2.316;2.663;2.228;2.249;2.11;2.336;2.239;2.34;2.215;2.232;2.259;0.467;0.514;0.487;0.442;0.469;0.438;0.499;0.572;0.422;0.558;0.676;0.514;0.105;0.11;0.086;0.095;0.117;0.12;0.125;0.124;0.108;0.09;0.093;0.122
Raw Data (584);17099;2.305;2.072;2.105;1.966;2.097;2.162;2.724;1.708;2.065;2.217;2.509;2.697;2.33;2.323;2.168;2.212;2.229;2.179;3.115;2.602;2.387;2.521;2.145;2.181;2.489;2.284;2.134;2.21;1.897;2.203;2.447;2.323;2.379;2.526;2.161;2.278;2.26;2.134;2.442;2.134;2.522;2.08;2.294;2.514;2.444;2.04;2.182;2.089;2.25;2.287;2.33;2.186;2.364;2.165;2.197;2.19;2.268;2.307;2.151;2.214;2.451;2.327;2.617;2.224;2.251;2.158;2.358;2.256;2.39;2.223;2.252;2.271;0.464;0.519;0.476;0.442;0.468;0.431;0.503;0.568;0.418;0.557;0.729;0.515;0.105;0.105;0.085;0.098;0.108;0.113;0.121;0.118;0.106;0.09;0.092;0.115
Raw Data (584);17710;2.332;2.075;2.111;1.972;2.109;2.176;2.694;1.694;2.042;2.233;2.498;2.746;2.338;2.338;2.177;2.21;2.231;2.173;3.133;2.62;2.427;2.454;2.162;2.186;2.507;2.286;2.14;2.222;1.903;2.212;2.453;2.326;2.39;2.532;2.158;2.284;2.269;2.147;2.457;2.14;2.539;2.08;2.305;2.522;2.453;2.079;2.182;2.087;2.253;2.29;2.335;2.193;2.382;2.164;2.205;2.205;2.29;2.334;2.175;2.233;2.464;2.335;2.552;2.25;2.252;2.29;2.364;2.272;2.468;2.243;2.262;2.289;0.465;0.521;0.49;0.446;0.463;0.43;0.506;0.58;0.429;0.562;0.803;0.525;0.112;0.116;0.092;0.099;0.11;0.123;0.126;0.131;0.113;0.091;0.089;0.12
Raw Data (584);18321;2.356;2.072;2.124;1.972;2.126;2.14;2.66;1.688;2.004;2.238;2.45;2.755;2.345;2.34;2.178;2.223;2.235;2.175;3.132;2.631;2.456;2.373;2.162;2.182;2.51;2.283;2.152;2.226;2.077;2.22;2.464;2.345;2.398;2.538;2.105;2.285;2.285;2.156;2.468;2.139;2.541;2.087;2.307;2.525;2.445;2.139;2.172;2.092;2.26;2.299;2.339;2.193;2.391;2.17;2.229;2.2;2.293;2.346;2.188;2.249;2.495;2.343;2.52;2.251;2.265;2.354;2.38;2.288;2.529;2.263;2.276;2.3;0.468;0.524;0.495;0.447;0.474;0.43;0.504;0.579;0.417;0.568;0.886;0.515;0.106;0.111;0.097;0.105;0.106;0.12;0.128;0.123;0.114;0.089;0.093;0.116
Raw Data (584);18932;2.381;2.071;2.135;1.972;2.144;2.25;2.625;1.665;1.963;2.235;2.403;2.797;2.355;2.341;2.203;2.226;2.25;2.177;3.154;2.619;2.497;2.339;2.167;2.192;2.519;2.285;2.149;2.236;2.432;2.221;2.473;2.364;2.407;2.547;2.069;2.288;2.29;2.151;2.479;2.139;2.54;2.083;2.321;2.529;2.462;2.264;2.173;2.096;2.264;2.311;2.347;2.192;2.402;2.155;2.228;2.207;2.303;2.372;2.189;2.256;2.517;2.351;2.536;2.261;2.252;2.448;2.388;2.291;2.644;2.297;2.304;2.309;0.458;0.528;0.486;0.458;0.471;0.438;0.506;0.581;0.418;0.565;0.986;0.51;0.113;0.118;0.096;0.096;0.111;0.113;0.123;0.122;0.112;0.098;0.09;0.12
Raw Data (584);19543;2.41;2.075;2.138;1.972;2.149;2.343;2.558;1.659;1.947;2.238;2.452;2.806;2.35;2.343;2.203;2.226;2.256;2.17;3.16;2.577;2.586;2.299;2.173;2.207;2.538;2.286;2.158;2.235;2.547;2.221;2.474;2.384;2.433;2.552;2.076;2.289;2.306;2.164;2.488;2.139;2.532;2.083;2.324;2.526;2.463;2.244;2.168;2.093;2.261;2.309;2.354;2.188;2.402;2.166;2.239;2.209;2.319;2.391;2.202;2.268;2.548;2.356;2.575;2.292;2.264;2.529;2.393;2.286;2.603;2.325;2.308;2.324;0.468;0.519;0.486;0.446;0.479;0.427;0.513;0.583;0.426;0.574;1.1;0.523;0.102;0.113;0.099;0.101;0.112;0.112;0.122;0.126;0.107;0.094;0.095;0.122
Raw Data (584);20154;2.421;2.071;2.136;1.961;2.145;2.389;2.574;1.621;1.873;2.236;2.443;2.817;2.353;2.346;2.208;2.229;2.256;2.167;3.183;2.531;2.649;2.25;2.18;2.205;2.558;2.293;2.159;2.25;2.562;2.226;2.486;2.394;2.434;2.549;2.108;2.29;2.303;2.166;2.5;2.138;2.519;2.091;2.325;2.528;2.474;2.282;2.17;2.091;2.267;2.312;2.35;2.185;2.419;2.153;2.251;2.223;2.349;2.405;2.214;2.281;2.572;2.362;2.521;2.282;2.262;2.637;2.412;2.257;2.636;2.356;2.321;2.337;0.464;0.527;0.49;0.449;0.476;0.434;0.52;0.592;0.425;0.558;1.203;0.517;0.103;0.113;0.089;0.101;0.112;0.114;0.12;0.125;0.11;0.091;0.086;0.116
Raw Data (584);20765;2.45;2.067;2.15;1.96;2.161;2.476;2.553;1.624;1.825;2.249;2.576;2.86;2.366;2.365;2.231;2.243;2.275;2.172;3.203;2.5;2.82;2.303;2.182;2.201;2.595;2.295;2.17;2.255;2.53;2.237;2.51;2.408;2.455;2.564;2.127;2.308;2.317;2.179;2.509;2.145;2.526;2.093;2.34;2.551;2.485;2.275;2.191;2.088;2.281;2.32;2.358;2.194;2.427;2.182;2.267;2.239;2.372;2.423;2.235;2.294;2.611;2.377;2.429;2.302;2.289;2.708;2.418;2.272;2.71;2.416;2.342;2.36;0.476;0.533;0.5;0.46;0.486;0.443;0.525;0.587;0.433;0.568;1.312;0.519;0.117;0.117;0.092;0.103;0.117;0.121;0.131;0.136;0.112;0.095;0.099;0.122
Raw Data (584);21377;2.466;2.078;2.159;1.966;2.174;2.505;2.464;1.615;1.782;2.242;2.56;2.855;2.376;2.369;2.252;2.262;2.262;2.175;3.207;2.464;2.859;2.586;2.187;2.209;2.599;2.303;2.181;2.268;2.466;2.241;2.524;2.426;2.447;2.57;2.165;2.301;2.324;2.176;2.514;2.149;2.507;2.085;2.346;2.56;2.482;2.343;2.203;2.086;2.282;2.333;2.362;2.195;2.445;2.182;2.274;2.245;2.383;2.441;2.237;2.295;2.655;2.381;2.361;2.3;2.292;2.756;2.427;2.263;2.704;2.437;2.352;2.367;0.472;0.527;0.502;0.454;0.492;0.445;0.538;0.588;0.424;0.575;1.374;0.521;0.113;0.111;0.101;0.1;0.108;0.117;0.132;0.127;0.109;0.092;0.095;0.126
Raw Data (584);21988;2.476;2.098;2.174;1.943;2.183;2.562;2.572;1.696;1.742;2.244;2.612;2.854;2.386;2.368;2.254;2.251;2.262;2.164;3.229;2.429;2.918;2.74;2.189;2.197;2.607;2.3;2.18;2.272;2.335;2.241;2.512;2.433;2.448;2.588;2.2;2.296;2.334;2.183;2.53;2.148;2.499;2.091;2.342;2.545;2.501;2.343;2.213;2.087;2.278;2.329;2.365;2.201;2.451;2.204;2.28;2.245;2.396;2.453;2.244;2.301;2.671;2.375;2.303;2.292;2.301;2.786;2.425;2.255;2.718;2.444;2.357;2.369;0.471;0.531;0.487;0.451;0.483;0.431;0.534;0.588;0.427;0.559;1.447;0.52;0.105;0.117;0.088;0.087;0.104;0.119;0.123;0.121;0.115;0.095;0.092;0.12
Raw Data (584);22599;2.508;2.138;2.198;1.945;2.218;2.671;2.658;1.718;1.73;2.244;2.692;2.875;2.417;2.382;2.28;2.282;2.284;2.17;3.235;2.425;3.015;2.931;2.203;2.2;2.627;2.325;2.187;2.271;2.4;2.248;2.534;2.456;2.465;2.6;2.274;2.296;2.341;2.198;2.536;2.161;2.498;2.086;2.357;2.546;2.504;2.419;2.218;2.086;2.29;2.342;2.371;2.21;2.464;2.228;2.293;2.262;2.412;2.474;2.258;2.319;2.702;2.405;2.298;2.303;2.308;2.847;2.454;2.283;2.735;2.471;2.372;2.386;0.489;0.53;0.491;0.461;0.503;0.45;0.557;0.606;0.44;0.567;1.503;0.531;0.105;0.121;0.101;0.099;0.11;0.125;0.131;0.132;0.111;0.105;0.091;0.118
Raw Data (584);23209;2.507;2.201;2.201;1.935;2.229;2.772;2.767;1.785;1.754;2.241;2.709;2.834;2.422;2.379;2.292;2.29;2.268;2.166;3.227;2.374;3.034;2.944;2.195;2.181;2.631;2.326;2.191;2.27;2.252;2.247;2.517;2.461;2.445;2.59;2.35;2.286;2.348;2.194;2.534;2.147;2.463;2.081;2.35;2.544;2.506;2.451;2.216;2.07;2.285;2.333;2.371;2.199;2.466;2.215;2.297;2.257;2.422;2.493;2.256;2.328;2.687;2.404;2.28;2.286;2.299;2.874;2.446;2.277;2.754;2.47;2.371;2.391;0.477;0.518;0.496;0.45;0.492;0.442;0.56;0.608;0.432;0.565;1.541;0.518;0.1;0.109;0.091;0.09;0.103;0.117;0.125;0.122;0.102;0.092;0.09;0.116
Raw Data (584);23820;2.557;2.207;2.221;1.928;2.242;2.916;2.868;1.835;1.797;2.252;2.796;2.859;2.433;2.414;2.314;2.306;2.279;2.17;3.24;2.356;3.061;2.977;2.204;2.19;2.639;2.328;2.195;2.287;2.276;2.249;2.522;2.473;2.453;2.592;2.433;2.292;2.355;2.201;2.554;2.147;2.475;2.076;2.36;2.545;2.525;2.496;2.227;2.058;2.316;2.356;2.376;2.193;2.494;2.223;2.302;2.267;2.446;2.497;2.276;2.34;2.714;2.427;2.277;2.301;2.313;2.888;2.468;2.303;2.768;2.502;2.387;2.42;0.485;0.526;0.49;0.449;0.531;0.443;0.583;0.613;0.43;0.574;1.579;0.536;0.104;0.121;0.096;0.101;0.113;0.123;0.126;0.129;0.115;0.1;0.092;0.117
Raw Data (584);24431;2.58;2.238;2.236;1.931;2.288;2.954;2.947;1.906;1.866;2.233;2.782;2.868;2.43;2.424;2.341;2.319;2.275;2.175;3.257;2.34;3.102;2.984;2.202;2.184;2.647;2.345;2.203;2.279;2.269;2.255;2.537;2.473;2.457;2.589;2.522;2.284;2.369;2.213;2.564;2.14;2.616;2.089;2.361;2.539;2.536;2.581;2.238;2.053;2.315;2.367;2.38;2.192;2.507;2.232;2.318;2.273;2.462;2.513;2.28;2.343;2.727;2.428;2.262;2.301;2.307;2.911;2.471;2.322;2.839;2.521;2.402;2.429;0.476;0.533;0.491;0.451;0.538;0.448;0.61;0.633;0.431;0.571;1.619;0.527;0.111;0.113;0.097;0.099;0.116;0.125;0.134;0.128;0.105;0.088;0.101;0.123
Raw Data (584);25043;2.601;2.199;2.246;1.927;2.291;2.985;3.018;1.977;1.915;2.224;2.808;2.881;2.441;2.429;2.362;2.31;2.279;2.163;3.267;2.341;3.116;2.995;2.201;2.185;2.65;2.35;2.199;2.293;2.349;2.248;2.53;2.472;2.45;2.595;2.521;2.279;2.373;2.213;2.596;2.148;2.703;2.083;2.356;2.539;2.547;2.665;2.235;2.05;2.319;2.377;2.382;2.2;2.508;2.241;2.319;2.284;2.467;2.523;2.283;2.331;2.721;2.432;2.26;2.308;2.311;2.958;2.482;2.337;2.893;2.545;2.414;2.434;0.491;0.535;0.492;0.463;0.555;0.446;0.64;0.638;0.436;0.577;1.651;0.534;0.106;0.112;0.087;0.099;0.113;0.118;0.125;0.129;0.106;0.1;0.092;0.124
Raw Data (584);25654;2.611;2.11;2.267;1.917;2.304;3.007;3.059;2.053;1.964;2.232;2.823;2.886;2.45;2.419;2.382;2.318;2.28;2.163;3.272;2.35;3.104;2.99;2.197;2.178;2.637;2.369;2.203;2.292;2.363;2.262;2.533;2.451;2.459;2.592;2.546;2.287;2.371;2.214;2.593;2.145;2.758;2.09;2.367;2.54;2.555;2.705;2.228;2.048;2.318;2.374;2.386;2.186;2.51;2.241;2.328;2.3;2.483;2.539;2.291;2.335;2.703;2.439;2.223;2.301;2.304;2.982;2.492;2.348;2.91;2.571;2.431;2.435;0.492;0.546;0.487;0.459;0.578;0.453;0.679;0.661;0.434;0.572;1.683;0.528;0.105;0.112;0.095;0.1;0.111;0.115;0.121;0.128;0.113;0.094;0.097;0.117
Raw Data (584);26265;2.631;2.047;2.28;1.913;2.34;3.036;3.063;2.07;1.981;2.208;2.843;2.905;2.444;2.429;2.412;2.317;2.295;2.174;3.289;2.395;3.119;2.994;2.193;2.176;2.646;2.396;2.203;2.297;2.58;2.255;2.525;2.46;2.458;2.597;2.571;2.281;2.37;2.22;2.596;2.148;2.784;2.094;2.367;2.532;2.562;2.834;2.224;2.026;2.33;2.374;2.401;2.194;2.514;2.243;2.337;2.314;2.506;2.549;2.299;2.337;2.695;2.445;2.261;2.296;2.306;2.995;2.505;2.369;2.939;2.579;2.46;2.432;0.501;0.524;0.493;0.459;0.618;0.447;0.74;0.689;0.441;0.575;1.699;0.542;0.107;0.108;0.095;0.095;0.11;0.115;0.125;0.12;0.102;0.092;0.089;0.115
Raw Data (584);26876;2.654;2.002;2.3;1.913;2.416;3.067;3.106;2.079;1.95;2.219;2.854;2.88;2.452;2.435;2.457;2.334;2.305;2.197;3.299;2.414;3.113;2.959;2.189;2.184;2.644;2.439;2.212;2.307;2.626;2.261;2.534;2.487;2.46;2.603;2.634;2.273;2.405;2.239;2.612;2.172;2.742;2.115;2.373;2.541;2.57;2.838;2.229;2.03;2.327;2.383;2.411;2.196;2.526;2.26;2.348;2.316;2.526;2.571;2.315;2.342;2.706;2.45;2.289;2.309;2.325;2.986;2.523;2.405;2.939;2.595;2.47;2.45;0.515;0.546;0.504;0.475;0.67;0.46;0.8;0.718;0.456;0.588;1.73;0.549;0.11;0.118;0.092;0.108;0.115;0.12;0.123;0.131;0.11;0.1;0.095;0.125
Raw Data (584);27488;2.662;1.986;2.297;1.9;2.447;3.113;3.107;2.111;1.935;2.203;2.854;2.923;2.46;2.446;2.473;2.332;2.315;2.191;3.303;2.467;3.123;3.019;2.19;2.18;2.624;2.475;2.215;2.315;2.634;2.272;2.536;2.516;2.463;2.611;2.761;2.281;2.42;2.241;2.607;2.165;2.68;2.127;2.381;2.539;2.586;2.934;2.224;2.015;2.331;2.381;2.415;2.19;2.531;2.266;2.372;2.309;2.532;2.589;2.313;2.336;2.71;2.46;2.441;2.304;2.319;3.015;2.549;2.446;2.923;2.597;2.473;2.447;0.521;0.551;0.497;0.483;0.728;0.469;0.888;0.771;0.459;0.592;1.746;0.563;0.112;0.106;0.095;0.106;0.118;0.123;0.13;0.133;0.109;0.095;0.1;0.119
Raw Data (584);28100;2.68;2.015;2.303;1.903;2.498;3.114;3.095;2.132;1.947;2.198;2.841;2.938;2.451;2.442;2.494;2.336;2.314;2.185;3.31;2.587;3.103;2.99;2.182;2.182;2.627;2.497;2.216;2.306;2.652;2.272;2.533;2.519;2.466;2.611;2.846;2.28;2.422;2.247;2.611;2.176;2.648;2.118;2.386;2.535;2.594;2.91;2.223;2.009;2.34;2.385;2.418;2.194;2.52;2.284;2.393;2.319;2.539;2.603;2.329;2.33;2.719;2.452;2.526;2.306;2.32;3.009;2.557;2.48;2.943;2.591;2.481;2.446;0.532;0.56;0.495;0.482;0.794;0.472;0.981;0.835;0.463;0.605;1.754;0.569;0.109;0.115;0.096;0.097;0.113;0.117;0.127;0.122;0.104;0.098;0.091;0.118
Raw Data (584);28713;2.71;1.984;2.313;1.922;2.532;3.127;3.103;2.167;2.001;2.2;2.873;2.967;2.462;2.449;2.517;2.335;2.322;2.182;3.312;2.781;3.055;2.974;2.186;2.178;2.658;2.514;2.22;2.317;2.64;2.276;2.539;2.563;2.462;2.625;2.914;2.274;2.428;2.259;2.61;2.167;2.667;2.122;2.376;2.542;2.594;2.761;2.233;1.999;2.338;2.389;2.421;2.209;2.524;2.299;2.391;2.325;2.562;2.625;2.348;2.337;2.749;2.459;2.501;2.314;2.325;3.039;2.557;2.522;2.977;2.61;2.489;2.45;0.548;0.577;0.5;0.496;0.889;0.493;1.087;0.909;0.482;0.614;1.796;0.605;0.111;0.11;0.092;0.099;0.106;0.122;0.123;0.126;0.111;0.102;0.092;0.119
Raw Data (584);29326;2.717;2.029;2.32;1.912;2.517;3.145;3.067;2.292;2.043;2.197;2.878;2.977;2.457;2.453;2.526;2.33;2.33;2.176;3.323;2.977;3.038;3.019;2.183;2.177;2.659;2.526;2.234;2.326;2.629;2.283;2.533;2.606;2.459;2.628;2.915;2.263;2.428;2.276;2.623;2.173;2.642;2.131;2.388;2.539;2.605;2.772;2.219;2;2.336;2.39;2.418;2.206;2.526;2.306;2.402;2.32;2.562;2.618;2.362;2.33;2.763;2.463;2.612;2.311;2.321;3.053;2.571;2.537;2.966;2.602;2.492;2.452;0.561;0.585;0.512;0.501;0.963;0.511;1.161;1.001;0.498;0.618;1.817;0.621;0.106;0.108;0.089;0.091;0.113;0.114;0.128;0.125;0.108;0.092;0.096;0.12
Raw Data (584);29939;2.724;2.298;2.333;1.928;2.503;3.166;3.112;2.23;2.029;2.198;2.93;2.984;2.46;2.453;2.54;2.334;2.334;2.181;3.334;2.926;2.966;2.942;2.18;2.178;2.689;2.535;2.242;2.328;2.6;2.285;2.542;2.644;2.463;2.638;2.781;2.265;2.443;2.279;2.624;2.167;2.675;2.126;2.394;2.545;2.613;2.675;2.228;1.993;2.335;2.395;2.409;2.231;2.526;2.322;2.413;2.322;2.574;2.624;2.355;2.335;2.782;2.465;2.557;2.32;2.33;3.096;2.564;2.573;2.997;2.584;2.501;2.464;0.582;0.619;0.512;0.515;1.047;0.534;1.217;1.101;0.522;0.635;1.855;0.645;0.103;0.11;0.093;0.096;0.109;0.114;0.127;0.13;0.112;0.094;0.09;0.11
Raw Data (584);30552;2.744;2.439;2.342;1.927;2.509;3.162;3.065;2.344;2.054;2.182;2.942;2.973;2.456;2.445;2.543;2.336;2.338;2.17;3.339;2.989;2.928;2.969;2.172;2.17;2.693;2.545;2.236;2.33;2.591;2.295;2.533;2.654;2.462;2.635;2.808;2.254;2.438;2.275;2.632;2.151;2.642;2.134;2.386;2.534;2.607;2.741;2.192;1.973;2.343;2.392;2.419;2.224;2.523;2.318;2.407;2.335;2.578;2.634;2.352;2.328;2.782;2.467;2.693;2.312;2.329;3.1;2.579;2.59;2.983;2.542;2.49;2.458;0.602;0.639;0.506;0.533;1.118;0.554;1.281;1.206;0.541;0.651;1.866;0.68;0.096;0.102;0.091;0.089;0.111;0.115;0.125;0.12;0.103;0.089;0.077;0.115
Raw Data (584);31164;2.774;2.662;2.363;1.959;2.503;3.162;3.109;2.318;2.09;2.206;2.963;2.981;2.476;2.462;2.567;2.357;2.355;2.173;3.36;3.017;2.896;2.921;2.176;2.18;2.73;2.599;2.256;2.358;2.538;2.322;2.544;2.7;2.478;2.659;2.85;2.262;2.463;2.303;2.641;2.169;2.687;2.15;2.401;2.55;2.48;2.671;2.232;1.984;2.348;2.399;2.426;2.266;2.532;2.337;2.43;2.34;2.597;2.651;2.369;2.338;2.808;2.484;2.659;2.323;2.335;3.115;2.59;2.626;3.045;2.534;2.507;2.477;0.65;0.674;0.531;0.566;1.232;0.61;1.343;1.304;0.602;0.709;1.907;0.749;0.108;0.12;0.098;0.106;0.117;0.131;0.128;0.14;0.118;0.094;0.108;0.129
Raw Data (584);31777;2.78;2.612;2.349;1.938;2.47;3.174;3.112;2.301;1.968;2.185;2.92;2.979;2.472;2.456;2.568;2.348;2.355;2.169;3.347;2.88;2.844;2.912;2.161;2.182;2.714;2.627;2.254;2.352;2.491;2.309;2.543;2.708;2.475;2.663;2.878;2.253;2.458;2.3;2.644;2.163;2.725;2.148;2.404;2.552;2.479;2.696;2.225;1.978;2.341;2.393;2.423;2.258;2.534;2.325;2.421;2.335;2.599;2.635;2.366;2.334;2.806;2.486;2.707;2.314;2.339;3.104;2.582;2.642;3.025;2.541;2.503;2.472;0.681;0.711;0.532;0.591;1.288;0.662;1.377;1.367;0.655;0.745;1.904;0.801;0.103;0.109;0.098;0.094;0.112;0.119;0.125;0.129;0.114;0.089;0.102;0.124
Raw Data (584);32389;2.804;2.578;2.347;1.933;2.466;3.181;3.116;2.233;1.973;2.182;2.868;2.976;2.476;2.457;2.576;2.359;2.357;2.162;3.357;2.909;2.814;2.836;2.159;2.18;2.712;2.652;2.254;2.345;2.431;2.31;2.545;2.718;2.471;2.678;2.918;2.252;2.448;2.297;2.639;2.153;2.741;2.143;2.398;2.55;2.511;2.643;2.216;1.984;2.348;2.397;2.421;2.265;2.529;2.315;2.43;2.332;2.604;2.626;2.365;2.327;2.789;2.485;2.699;2.314;2.33;3.117;2.592;2.653;3.011;2.537;2.498;2.467;0.745;0.757;0.544;0.623;1.336;0.732;1.403;1.436;0.706;0.786;1.922;0.897;0.11;0.112;0.092;0.093;0.107;0.116;0.128;0.126;0.108;0.094;0.089;0.118
Raw Data (584);33001;2.807;2.584;2.361;1.931;2.507;3.166;3.096;2.342;2.079;2.185;2.916;2.98;2.467;2.452;2.584;2.345;2.357;2.158;3.357;2.799;2.708;2.78;2.138;2.176;2.735;2.687;2.249;2.341;2.375;2.316;2.541;2.733;2.466;2.681;2.942;2.246;2.462;2.296;2.641;2.156;2.808;2.155;2.403;2.552;2.554;2.62;2.288;1.968;2.341;2.398;2.425;2.291;2.54;2.33;2.434;2.33;2.598;2.636;2.361;2.345;2.817;2.493;2.646;2.307;2.337;3.142;2.587;2.707;3.069;2.591;2.505;2.485;0.815;0.812;0.557;0.673;1.396;0.831;1.418;1.477;0.81;0.849;1.955;0.989;0.105;0.11;0.098;0.091;0.103;0.117;0.126;0.128;0.102;0.085;0.086;0.119
Raw Data (584);33613;2.832;2.659;2.358;1.925;2.501;3.181;3.112;2.4;2.114;2.185;2.926;3.003;2.47;2.448;2.573;2.362;2.364;2.174;3.371;2.789;2.741;2.797;2.155;2.192;2.739;2.696;2.256;2.346;2.36;2.315;2.557;2.767;2.481;2.699;2.923;2.26;2.475;2.303;2.648;2.165;2.826;2.167;2.421;2.561;2.581;2.613;2.264;1.988;2.358;2.409;2.422;2.271;2.539;2.329;2.449;2.337;2.603;2.657;2.368;2.341;2.83;2.498;2.745;2.32;2.341;3.164;2.6;2.707;3.053;2.652;2.513;2.491;0.91;0.901;0.598;0.745;1.46;0.949;1.452;1.526;0.908;0.942;1.986;1.099;0.113;0.111;0.094;0.097;0.114;0.128;0.126;0.132;0.113;0.095;0.098;0.12
Raw Data (584);34225;2.845;2.734;2.36;1.942;2.535;3.157;3.088;2.473;2.191;2.168;2.945;2.982;2.472;2.445;2.569;2.357;2.375;2.166;3.369;2.883;2.646;2.747;2.14;2.184;2.744;2.681;2.256;2.348;2.317;2.309;2.539;2.77;2.475;2.702;2.931;2.261;2.49;2.297;2.651;2.158;2.818;2.165;2.425;2.566;2.6;2.634;2.282;1.972;2.346;2.402;2.422;2.315;2.545;2.333;2.459;2.333;2.614;2.642;2.374;2.355;2.837;2.498;2.732;2.317;2.344;3.163;2.596;2.726;3.068;2.666;2.508;2.493;0.989;0.989;0.619;0.828;1.516;1.069;1.468;1.557;1.007;1.03;2.009;1.194;0.103;0.105;0.093;0.096;0.112;0.118;0.125;0.124;0.108;0.09;0.095;0.118
Raw Data (584);34836;2.9;2.717;2.354;1.919;2.56;3.143;3.09;2.519;2.279;2.172;2.948;2.986;2.472;2.442;2.559;2.361;2.365;2.169;3.371;2.808;2.577;2.711;2.135;2.195;2.723;2.695;2.26;2.353;2.337;2.31;2.539;2.771;2.472;2.713;2.891;2.259;2.471;2.289;2.649;2.147;2.81;2.159;2.418;2.563;2.619;2.632;2.256;1.973;2.35;2.401;2.424;2.298;2.534;2.32;2.461;2.338;2.611;2.641;2.363;2.338;2.832;2.503;2.783;2.314;2.347;3.163;2.612;2.724;3.032;2.717;2.514;2.501;1.082;1.098;0.649;0.937;1.58;1.19;1.478;1.581;1.092;1.134;2.027;1.276;0.109;0.108;0.1;0.102;0.112;0.117;0.123;0.123;0.105;0.094;0.086;0.113
Raw Data (584);35448;2.946;2.762;2.344;1.941;2.563;3.075;3.057;2.555;2.388;2.187;2.915;2.978;2.452;2.427;2.6;2.36;2.378;2.145;3.381;2.86;2.478;2.677;2.133;2.184;2.761;2.638;2.253;2.343;2.313;2.303;2.525;2.767;2.459;2.715;2.879;2.233;2.482;2.294;2.655;2.149;2.829;2.17;2.417;2.555;2.641;2.638;2.25;1.956;2.344;2.402;2.421;2.342;2.534;2.341;2.466;2.338;2.626;2.625;2.348;2.339;2.842;2.509;2.807;2.301;2.364;3.172;2.6;2.748;3.046;2.726;2.509;2.493;1.145;1.166;0.682;1.026;1.636;1.263;1.458;1.603;1.175;1.222;2.063;1.335;0.101;0.103;0.091;0.091;0.101;0.112;0.12;0.119;0.105;0.09;0.087;0.119
Raw Data (584);36060;2.968;2.77;2.378;1.969;2.642;3.072;3.063;2.484;2.286;2.196;2.975;3.019;2.482;2.451;2.635;2.378;2.381;2.167;3.381;2.712;2.359;2.606;2.134;2.192;2.743;2.652;2.271;2.355;2.313;2.32;2.551;2.792;2.476;2.751;2.877;2.264;2.508;2.296;2.659;2.158;2.913;2.171;2.422;2.571;2.66;2.61;2.353;1.989;2.356;2.411;2.433;2.394;2.549;2.342;2.479;2.347;2.635;2.646;2.376;2.355;2.869;2.517;2.746;2.315;2.367;3.208;2.626;2.8;3.154;2.765;2.53;2.518;1.226;1.262;0.751;1.138;1.689;1.451;1.502;1.634;1.317;1.316;2.087;1.42;0.106;0.115;0.099;0.091;0.113;0.12;0.128;0.131;0.118;0.095;0.099;0.117
Raw Data (584);36673;2.959;2.642;2.36;1.97;2.496;3.055;3.073;2.528;2.41;2.172;2.943;2.994;2.478;2.435;2.644;2.369;2.382;2.157;3.374;2.778;2.209;2.599;2.116;2.185;2.728;2.651;2.267;2.342;2.32;2.309;2.536;2.793;2.469;2.749;2.827;2.247;2.505;2.284;2.654;2.146;2.886;2.176;2.429;2.561;2.659;2.58;2.326;1.976;2.348;2.401;2.42;2.373;2.553;2.329;2.48;2.337;2.631;2.608;2.363;2.355;2.857;2.508;2.757;2.303;2.367;3.2;2.63;2.816;3.086;2.782;2.518;2.497;1.277;1.329;0.803;1.222;1.749;1.5;1.503;1.644;1.376;1.371;2.104;1.449;0.104;0.104;0.096;0.094;0.106;0.116;0.122;0.13;0.109;0.092;0.092;0.12
Raw Data (584);37285;3.002;2.611;2.359;1.969;2.345;3.055;3.072;2.577;2.457;2.179;2.932;3.001;2.487;2.441;2.664;2.383;2.374;2.15;3.385;2.768;1.908;2.576;2.117;2.175;2.71;2.651;2.275;2.351;2.343;2.311;2.543;2.795;2.468;2.752;2.841;2.257;2.511;2.287;2.653;2.14;2.887;2.176;2.423;2.56;2.665;2.567;2.299;1.973;2.347;2.413;2.422;2.37;2.553;2.319;2.482;2.328;2.631;2.605;2.372;2.339;2.855;2.516;2.742;2.311;2.363;3.228;2.642;2.823;3.091;2.776;2.521;2.494;1.325;1.388;0.874;1.283;1.78;1.561;1.519;1.658;1.44;1.429;2.119;1.49;0.112;0.111;0.092;0.092;0.109;0.118;0.126;0.125;0.105;0.093;0.097;0.116
Raw Data (584);37897;3.026;2.484;2.378;1.985;2.277;2.972;3.026;2.491;2.317;2.181;2.926;3.028;2.481;2.438;2.677;2.382;2.38;2.143;3.386;2.74;1.897;2.532;2.111;2.183;2.739;2.691;2.287;2.353;2.318;2.31;2.542;2.796;2.47;2.765;2.805;2.254;2.526;2.294;2.657;2.135;2.928;2.173;2.439;2.561;2.679;2.537;2.433;1.984;2.356;2.413;2.421;2.435;2.561;2.333;2.497;2.342;2.647;2.629;2.373;2.346;2.869;2.52;2.687;2.307;2.368;3.218;2.637;2.891;3.157;2.807;2.532;2.509;1.374;1.441;0.929;1.402;1.859;1.703;1.524;1.658;1.579;1.476;2.15;1.544;0.108;0.103;0.08;0.096;0.105;0.115;0.119;0.126;0.107;0.092;0.094;0.12
Raw Data (584);38509;3.03;2.484;2.366;1.986;2.322;2.952;3.022;2.611;2.563;2.172;2.925;3.02;2.489;2.434;2.694;2.395;2.39;2.147;3.401;2.838;1.858;2.522;2.107;2.179;2.709;2.692;2.287;2.36;2.31;2.319;2.546;2.809;2.477;2.777;2.757;2.266;2.529;2.289;2.653;2.135;2.909;2.176;2.433;2.559;2.68;2.532;2.343;1.979;2.345;2.415;2.432;2.42;2.563;2.339;2.507;2.338;2.641;2.618;2.372;2.349;2.866;2.531;2.704;2.313;2.368;3.229;2.655;2.881;3.096;2.811;2.53;2.499;1.403;1.483;0.977;1.436;1.894;1.74;1.544;1.684;1.589;1.515;2.161;1.576;0.11;0.107;0.09;0.099;0.109;0.114;0.13;0.126;0.115;0.096;0.1;0.122
Raw Data (584);39121;3.037;2.197;2.367;2.009;2.567;2.887;2.975;2.589;2.557;2.164;2.964;3.022;2.49;2.423;2.694;2.385;2.382;2.135;3.396;2.809;1.85;2.454;2.108;2.178;2.723;2.69;2.282;2.351;2.287;2.317;2.538;2.812;2.468;2.773;2.694;2.256;2.53;2.293;2.655;2.13;2.896;2.173;2.435;2.557;2.685;2.482;2.314;1.973;2.349;2.411;2.43;2.428;2.555;2.343;2.503;2.337;2.649;2.578;2.382;2.337;2.86;2.531;2.7;2.296;2.372;3.228;2.655;2.841;3.111;2.795;2.515;2.505;1.443;1.504;1.01;1.505;1.955;1.841;1.552;1.699;1.628;1.546;2.171;1.609;0.106;0.109;0.086;0.093;0.103;0.116;0.126;0.122;0.104;0.093;0.093;0.116
Raw Data (584);39733;3.058;1.879;2.385;2.049;2.597;2.811;2.95;2.546;2.552;2.181;3.009;3.063;2.505;2.433;2.692;2.392;2.397;2.138;3.406;2.746;1.855;2.388;2.119;2.187;2.741;2.695;2.301;2.367;2.252;2.323;2.546;2.84;2.48;2.79;2.641;2.266;2.55;2.299;2.667;2.132;2.918;2.184;2.444;2.566;2.699;2.422;2.354;1.97;2.36;2.422;2.438;2.438;2.578;2.344;2.516;2.34;2.658;2.595;2.381;2.341;2.86;2.548;2.677;2.301;2.388;3.26;2.669;2.814;3.146;2.805;2.527;2.492;1.478;1.554;1.061;1.579;2.013;1.938;1.573;1.721;1.693;1.576;2.187;1.617;0.114;0.125;0.096;0.1;0.11;0.122;0.13;0.133;0.111;0.094;0.095;0.124
Raw Data (584);40345;3.071;1.876;2.389;2.08;2.59;2.655;2.889;2.591;2.597;2.171;2.977;3.063;2.502;2.428;2.688;2.398;2.398;2.134;3.413;2.768;1.813;2.318;2.124;2.184;2.751;2.721;2.291;2.365;2.185;2.329;2.551;2.874;2.48;2.803;2.585;2.269;2.558;2.295;2.666;2.144;2.912;2.179;2.45;2.558;2.697;2.361;2.377;1.956;2.359;2.421;2.431;2.432;2.572;2.344;2.516;2.344;2.656;2.574;2.381;2.348;2.86;2.543;2.656;2.315;2.386;3.291;2.677;2.865;3.158;2.814;2.525;2.501;1.513;1.577;1.077;1.634;2.044;1.984;1.592;1.722;1.728;1.59;2.214;1.633;0.115;0.115;0.095;0.106;0.113;0.126;0.13;0.129;0.12;0.092;0.104;0.123
Raw Data (584);40957;3.116;1.844;2.396;2.101;2.524;2.268;2.011;2.578;2.589;2.169;2.982;3.075;2.486;2.424;2.677;2.404;2.394;2.128;3.413;2.77;1.813;2.303;2.116;2.193;2.747;2.756;2.301;2.373;1.755;2.33;2.546;2.875;2.479;2.82;2.557;2.267;2.553;2.294;2.677;2.128;2.938;2.181;2.442;2.56;2.723;2.311;2.601;1.961;2.365;2.425;2.436;2.498;2.585;2.344;2.538;2.346;2.657;2.666;2.386;2.354;2.891;2.549;2.635;2.311;2.398;3.263;2.68;2.927;3.173;2.847;2.523;2.514;1.532;1.597;1.093;1.694;2.091;2.101;1.593;1.741;1.806;1.619;2.247;1.651;0.113;0.111;0.101;0.099;0.109;0.12;0.127;0.119;0.115;0.103;0.098;0.121
Raw Data (584);41569;3.126;1.889;2.382;2.117;2.632;1.86;1.96;2.559;2.647;2.159;2.994;3.072;2.492;2.424;2.66;2.4;2.393;2.123;3.425;2.792;1.773;2.102;2.118;2.189;2.759;2.76;2.291;2.374;1.727;2.323;2.546;2.881;2.471;2.822;2.498;2.273;2.559;2.288;2.674;2.116;2.93;2.176;2.437;2.556;2.727;2.112;2.573;1.943;2.355;2.424;2.429;2.475;2.578;2.339;2.53;2.347;2.658;2.722;2.385;2.355;2.891;2.543;2.606;2.306;2.395;3.285;2.683;2.933;3.177;2.836;2.515;2.51;1.544;1.614;1.091;1.73;2.114;2.121;1.612;1.747;1.814;1.634;2.248;1.675;0.105;0.108;0.09;0.096;0.107;0.117;0.126;0.127;0.11;0.092;0.098;0.116
Raw Data (584);42181;3.141;1.874;2.387;2.126;2.704;1.802;1.927;2.427;2.634;2.157;2.993;3.073;2.499;2.423;2.66;2.395;2.391;2.12;3.417;2.761;1.776;1.923;2.106;2.187;2.764;2.752;2.291;2.373;1.7;2.326;2.546;2.867;2.468;2.823;2.443;2.27;2.55;2.3;2.682;2.102;2.936;2.179;2.436;2.552;2.731;1.855;2.63;1.934;2.36;2.42;2.432;2.472;2.585;2.34;2.536;2.333;2.66;2.626;2.379;2.352;2.879;2.538;2.526;2.293;2.39;3.3;2.693;2.928;3.183;2.847;2.51;2.513;1.563;1.637;1.103;1.769;2.15;2.132;1.622;1.755;1.854;1.651;2.264;1.679;0.104;0.107;0.089;0.091;0.102;0.116;0.12;0.124;0.107;0.088;0.085;0.111
Raw Data (584);42792;3.156;1.846;2.396;2.126;2.732;1.748;1.895;1.993;2.645;2.145;2.948;3.068;2.507;2.421;2.669;2.417;2.386;2.113;3.429;2.754;1.736;1.878;2.112;2.203;2.763;2.776;2.31;2.372;1.67;2.329;2.536;2.867;2.477;2.83;2.317;2.269;2.561;2.285;2.678;2.1;2.935;2.183;2.433;2.555;2.723;1.837;2.62;1.931;2.364;2.415;2.437;2.476;2.584;2.35;2.548;2.341;2.657;2.615;2.392;2.359;2.888;2.552;2.391;2.298;2.39;3.284;2.709;2.944;3.168;2.844;2.511;2.517;1.592;1.67;1.109;1.779;2.173;2.176;1.637;1.783;1.86;1.672;2.286;1.705;0.097;0.103;0.089;0.098;0.105;0.114;0.12;0.124;0.104;0.086;0.095;0.115
Raw Data (584);43404;3.181;1.839;2.398;2.129;2.679;1.72;1.852;1.982;2.595;2.155;2.95;3.076;2.51;2.421;2.664;2.415;2.398;2.113;3.423;2.703;1.729;1.855;2.118;2.203;2.775;2.788;2.3;2.382;1.644;2.321;2.545;2.877;2.486;2.837;2.126;2.283;2.575;2.296;2.683;2.096;2.956;2.189;2.443;2.558;2.728;1.806;2.671;1.935;2.365;2.427;2.443;2.495;2.583;2.339;2.552;2.341;2.672;2.659;2.382;2.375;2.908;2.566;2.025;2.316;2.392;3.299;2.714;2.96;3.204;2.844;2.51;2.525;1.609;1.69;1.116;1.838;2.221;2.242;1.644;1.798;1.905;1.688;2.311;1.728;0.109;0.105;0.095;0.099;0.113;0.12;0.122;0.128;0.111;0.101;0.095;0.118
Raw Data (584);44017;3.186;1.803;2.402;2.132;2.644;1.674;1.843;1.97;2.528;2.146;2.913;3.046;2.509;2.423;2.671;2.422;2.404;2.124;3.443;2.668;1.734;1.813;2.111;2.214;2.775;2.812;2.314;2.398;1.626;2.33;2.552;2.87;2.485;2.846;1.909;2.282;2.583;2.293;2.692;2.099;2.971;2.191;2.445;2.561;2.731;1.783;2.708;1.93;2.369;2.439;2.428;2.5;2.591;2.342;2.561;2.333;2.673;2.709;2.399;2.382;2.91;2.56;2.018;2.326;2.398;3.3;2.734;2.932;3.181;2.871;2.522;2.537;1.629;1.708;1.119;1.86;2.248;2.274;1.665;1.814;1.932;1.714;2.321;1.754;0.11;0.107;0.097;0.1;0.11;0.125;0.122;0.129;0.113;0.095;0.101;0.124
Raw Data (584);44630;3.199;1.788;2.411;2.133;2.493;1.665;1.807;1.935;2.293;2.142;3.001;3.1;2.522;2.436;2.669;2.425;2.406;2.105;3.458;2.582;1.723;1.815;2.114;2.223;2.803;2.824;2.313;2.388;1.611;2.332;2.552;2.856;2.482;2.854;1.851;2.278;2.581;2.294;2.702;2.084;2.999;2.192;2.451;2.552;2.747;1.759;2.792;1.938;2.365;2.437;2.436;2.566;2.596;2.36;2.571;2.344;2.66;2.795;2.393;2.387;2.938;2.566;1.982;2.33;2.422;3.308;2.734;2.963;3.231;2.938;2.514;2.551;1.651;1.732;1.125;1.986;2.283;2.402;1.672;1.831;1.991;1.727;2.356;1.77;0.111;0.111;0.091;0.106;0.114;0.124;0.127;0.125;0.117;0.098;0.096;0.123
Raw Data (584);45242;3.19;1.752;2.391;2.105;2.459;1.631;1.762;1.901;2.036;2.157;3.05;3.128;2.497;2.41;2.666;2.429;2.408;2.099;3.465;2.571;1.699;1.769;2.109;2.225;2.835;2.816;2.312;2.376;1.588;2.322;2.538;2.856;2.475;2.832;1.799;2.272;2.572;2.298;2.708;2.09;3.003;2.198;2.434;2.545;2.716;1.7;2.802;1.93;2.37;2.439;2.438;2.528;2.58;2.377;2.564;2.337;2.665;2.831;2.386;2.399;2.941;2.568;1.946;2.321;2.419;3.314;2.723;3.001;3.252;2.97;2.503;2.548;1.659;1.741;1.111;1.866;2.296;2.351;1.677;1.828;1.952;1.739;2.366;1.767;0.1;0.099;0.093;0.102;0.108;0.125;0.13;0.115;0.108;0.1;0.085;0.117
Raw Data (584);45855;3.196;1.751;2.408;2.109;2.581;1.609;1.739;1.881;1.976;2.154;3.067;3.123;2.507;2.41;2.626;2.445;2.397;2.108;3.471;2.453;1.679;1.75;2.108;2.223;2.803;2.822;2.313;2.38;1.563;2.324;2.555;2.833;2.477;2.851;1.777;2.284;2.593;2.288;2.69;2.077;3.016;2.182;2.441;2.542;2.716;1.686;2.806;1.947;2.366;2.437;2.446;2.507;2.608;2.36;2.572;2.327;2.668;2.832;2.395;2.399;2.939;2.572;1.923;2.332;2.416;3.332;2.748;3.01;3.25;2.981;2.508;2.562;1.674;1.772;1.108;2.051;2.361;2.298;1.697;1.856;1.924;1.759;2.366;1.785;0.106;0.111;0.095;0.093;0.105;0.115;0.119;0.134;0.111;0.091;0.097;0.12
Raw Data (584);46468;3.212;1.72;2.421;2.123;2.518;1.579;1.714;1.855;1.944;2.136;3.062;3.117;2.521;2.418;2.637;2.453;2.408;2.103;3.475;2.271;1.626;1.715;2.109;2.23;2.799;2.823;2.322;2.394;1.539;2.333;2.566;2.846;2.482;2.867;1.765;2.296;2.606;2.311;2.695;2.079;3.006;2.191;2.441;2.553;2.717;1.669;2.817;1.947;2.367;2.439;2.444;2.519;2.609;2.359;2.581;2.353;2.672;2.834;2.396;2.408;2.93;2.59;1.908;2.332;2.429;3.348;2.76;3.015;3.201;3;2.51;2.582;1.69;1.798;1.113;1.967;2.396;2.158;1.724;1.881;1.902;1.778;2.399;1.814;0.109;0.114;0.097;0.105;0.114;0.123;0.127;0.131;0.11;0.098;0.104;0.124
Raw Data (584);47081;3.196;1.679;2.429;2.143;2.567;1.567;1.679;1.824;1.897;2.122;2.935;3.07;2.515;2.415;2.615;2.462;2.408;2.103;3.469;2.054;1.587;1.702;2.107;2.221;2.798;2.822;2.309;2.398;1.499;2.325;2.561;2.852;2.479;2.868;1.729;2.281;2.612;2.3;2.7;2.068;2.98;2.192;2.439;2.55;2.704;1.625;2.673;1.949;2.368;2.433;2.445;2.518;2.608;2.367;2.585;2.342;2.679;2.817;2.393;2.397;2.921;2.586;1.879;2.335;2.424;3.335;2.768;3.025;3.195;2.974;2.508;2.582;1.699;1.808;1.099;1.919;2.396;2.137;1.724;1.887;1.894;1.792;2.404;1.825;0.095;0.107;0.092;0.094;0.106;0.124;0.126;0.125;0.111;0.095;0.099;0.117
Raw Data (584);47694;3.198;1.653;2.426;2.156;2.541;1.517;1.637;1.809;1.862;2.109;2.9;3.062;2.507;2.404;2.597;2.466;2.396;2.096;3.458;2.011;1.556;1.688;2.106;2.217;2.787;2.834;2.314;2.386;1.452;2.321;2.559;2.863;2.471;2.863;1.694;2.273;2.614;2.286;2.702;2.055;2.984;2.189;2.435;2.538;2.694;1.591;2.551;1.976;2.371;2.432;2.442;2.526;2.61;2.356;2.587;2.334;2.674;2.821;2.397;2.392;2.932;2.582;1.861;2.324;2.41;3.346;2.775;3.051;3.202;3.077;2.502;2.58;1.702;1.818;1.09;2.044;2.428;1.956;1.732;1.895;1.867;1.804;2.43;1.837;0.104;0.103;0.094;0.088;0.099;0.11;0.113;0.113;0.097;0.09;0.086;0.11
Raw Data (584);48306;3.223;1.634;2.446;2.183;2.452;1.486;1.619;1.787;1.85;2.114;2.975;3.077;2.53;2.419;2.607;2.489;2.42;2.097;3.445;1.988;1.54;1.653;2.108;2.223;2.802;2.837;2.315;2.392;1.44;2.336;2.575;2.872;2.48;2.876;1.679;2.293;2.629;2.294;2.72;2.061;2.99;2.215;2.443;2.566;2.713;1.569;2.516;2.022;2.377;2.446;2.437;2.538;2.624;2.363;2.598;2.339;2.682;2.839;2.397;2.402;2.939;2.597;1.835;2.341;2.429;3.373;2.791;3.074;3.215;3.092;2.506;2.595;1.725;1.848;1.082;2.007;2.441;1.872;1.759;1.921;1.887;1.811;2.464;1.854;0.11;0.113;0.091;0.098;0.111;0.128;0.126;0.136;0.104;0.099;0.094;0.12
Raw Data (584);48919;3.214;1.588;2.445;2.195;2.495;1.429;1.586;1.78;1.829;2.107;2.899;3.054;2.526;2.406;2.58;2.482;2.408;2.08;3.431;1.95;1.503;1.638;2.118;2.221;2.8;2.853;2.317;2.399;1.404;2.318;2.573;2.885;2.48;2.876;1.62;2.284;2.633;2.293;2.714;2.053;3.003;2.216;2.44;2.57;2.71;1.528;2.571;2.049;2.377;2.445;2.435;2.534;2.626;2.364;2.594;2.34;2.676;2.863;2.395;2.4;2.935;2.593;1.806;2.338;2.421;3.351;2.813;3.079;3.218;3.101;2.506;2.595;1.729;1.863;1.074;1.999;2.479;1.836;1.765;1.925;1.899;1.815;2.48;1.866;0.104;0.107;0.094;0.098;0.108;0.115;0.125;0.126;0.104;0.094;0.093;0.111
Raw Data (584);49532;3.227;1.552;2.447;2.193;2.52;1.43;1.553;1.754;1.799;2.11;2.858;3.085;2.53;2.409;2.576;2.485;2.422;2.085;3.426;1.931;1.479;1.613;2.128;2.227;2.805;2.882;2.32;2.402;1.379;2.32;2.572;2.879;2.494;2.879;1.585;2.282;2.633;2.297;2.732;2.037;3.015;2.218;2.433;2.569;2.715;1.513;2.682;2.083;2.385;2.445;2.439;2.537;2.632;2.371;2.612;2.351;2.681;2.9;2.406;2.412;2.942;2.603;1.77;2.329;2.426;3.361;2.807;3.087;3.221;3.131;2.513;2.602;1.748;1.879;1.078;2.098;2.502;1.875;1.793;1.943;1.925;1.835;2.485;1.87;0.111;0.108;0.094;0.095;0.107;0.118;0.124;0.126;0.111;0.092;0.098;0.113
Raw Data (584);50145;3.23;1.531;2.449;2.205;2.512;1.323;1.546;1.725;1.787;2.097;2.8;3.067;2.545;2.419;2.573;2.504;2.41;2.086;3.41;1.901;1.439;1.586;2.123;2.231;2.806;2.9;2.33;2.404;1.339;2.323;2.577;2.883;2.497;2.879;1.545;2.279;2.638;2.294;2.735;2.039;3.035;2.229;2.443;2.567;2.717;1.463;2.609;2.109;2.383;2.447;2.446;2.553;2.633;2.364;2.604;2.357;2.684;2.9;2.401;2.403;2.945;2.618;1.754;2.338;2.421;3.379;2.829;3.077;3.219;3.143;2.52;2.603;1.749;1.898;1.082;2.056;2.502;1.943;1.806;1.97;1.944;1.866;2.533;1.871;0.11;0.113;0.096;0.1;0.108;0.118;0.13;0.128;0.111;0.104;0.104;0.114
Raw Data (584);50757;3.232;1.514;2.464;2.204;2.518;1.314;1.549;1.704;1.775;2.099;2.883;3.105;2.55;2.415;2.571;2.513;2.426;2.101;3.405;1.89;1.43;1.587;2.137;2.228;2.829;2.926;2.327;2.404;1.304;2.336;2.576;2.879;2.497;2.889;1.528;2.294;2.655;2.295;2.746;2.049;3.068;2.234;2.442;2.57;2.715;1.434;2.728;2.138;2.394;2.463;2.454;2.577;2.634;2.374;2.616;2.368;2.689;2.992;2.418;2.408;2.951;2.624;1.715;2.336;2.43;3.41;2.849;3.118;3.271;3.158;2.527;2.624;1.763;1.916;1.076;2.292;2.562;1.925;1.826;1.995;1.934;1.875;2.555;1.885;0.112;0.112;0.098;0.105;0.112;0.125;0.132;0.134;0.116;0.103;0.105;0.126
Raw Data (584);51370;3.232;1.461;2.455;2.215;2.513;1.358;1.543;1.665;1.748;2.077;2.862;3.079;2.551;2.407;2.591;2.524;2.42;2.09;3.392;1.88;1.398;1.546;2.137;2.232;2.81;2.94;2.319;2.399;1.269;2.327;2.581;2.877;2.503;2.886;1.477;2.3;2.649;2.296;2.742;2.04;3.063;2.241;2.426;2.564;2.705;1.41;2.727;2.127;2.387;2.457;2.438;2.573;2.646;2.382;2.611;2.361;2.679;2.977;2.41;2.406;2.962;2.622;1.671;2.338;2.42;3.422;2.847;3.112;3.24;3.155;2.523;2.619;1.773;1.921;1.062;2.138;2.588;1.98;1.843;1.999;1.934;1.842;2.558;1.885;0.108;0.103;0.097;0.095;0.11;0.126;0.125;0.129;0.112;0.091;0.084;0.112
Raw Data (584);51983;3.224;1.407;2.464;2.223;2.46;1.252;1.49;1.639;1.724;2.068;2.892;3.084;2.554;2.412;2.583;2.532;2.428;2.092;3.394;1.865;1.36;1.502;2.134;2.236;2.815;2.941;2.33;2.41;1.231;2.325;2.581;2.861;2.502;2.888;1.43;2.298;2.654;2.287;2.751;2.033;3.045;2.241;2.429;2.58;2.706;1.38;2.857;2.129;2.394;2.469;2.447;2.583;2.649;2.382;2.62;2.369;2.684;2.977;2.401;2.412;2.96;2.628;1.628;2.332;2.421;3.424;2.866;3.102;3.22;3.141;2.522;2.616;1.771;1.937;1.071;2.166;2.608;2.003;1.865;2.022;1.936;1.874;2.578;1.886;0.108;0.11;0.09;0.1;0.109;0.117;0.125;0.124;0.107;0.09;0.091;0.122
Raw Data (584);52595;3.235;1.39;2.487;2.261;1.942;1.253;1.451;1.628;1.719;2.067;2.949;3.107;2.56;2.409;2.592;2.534;2.441;2.087;3.396;1.812;1.352;1.456;2.123;2.227;2.829;2.925;2.33;2.401;1.182;2.331;2.584;2.85;2.499;2.896;1.423;2.31;2.652;2.293;2.763;2.029;3.062;2.243;2.43;2.564;2.711;1.367;2.946;2.127;2.393;2.466;2.44;2.586;2.644;2.377;2.625;2.382;2.678;2.941;2.407;2.414;2.967;2.636;1.607;2.342;2.415;3.416;2.87;3.102;3.238;3.122;2.526;2.623;1.787;1.96;1.076;2.215;2.592;2.027;1.885;2.041;1.934;1.861;2.596;1.89;0.106;0.109;0.099;0.095;0.116;0.12;0.124;0.124;0.11;0.09;0.096;0.117
Raw Data (584);53208;3.237;1.383;2.483;2.345;1.683;1.198;1.392;1.593;1.646;2.064;2.942;3.113;2.554;2.409;2.591;2.534;2.435;2.084;3.385;1.771;1.269;1.415;2.136;2.224;2.829;2.926;2.313;2.402;1.105;2.326;2.57;2.851;2.494;2.898;1.376;2.306;2.652;2.289;2.759;2.007;3.07;2.247;2.42;2.557;2.684;1.329;3.005;2.134;2.394;2.459;2.435;2.592;2.646;2.37;2.629;2.391;2.682;3.016;2.395;2.395;2.97;2.637;1.554;2.318;2.417;3.434;2.876;3.113;3.254;3.111;2.527;2.615;1.786;1.963;1.08;2.293;2.618;2.028;1.899;2.053;1.941;1.867;2.606;1.888;0.104;0.105;0.085;0.086;0.103;0.117;0.118;0.117;0.097;0.089;0.088;0.108
Raw Data (584);53820;3.227;1.313;2.484;2.38;1.659;1.131;1.328;1.562;1.636;2.052;2.865;3.095;2.561;2.41;2.61;2.541;2.434;2.091;3.388;1.81;1.227;1.401;2.129;2.224;2.832;2.935;2.321;2.415;1.059;2.334;2.583;2.848;2.501;2.901;1.339;2.317;2.669;2.289;2.762;2.019;3.076;2.261;2.421;2.579;2.689;1.294;3.032;2.144;2.403;2.472;2.452;2.592;2.651;2.374;2.64;2.398;2.684;3.046;2.402;2.402;2.982;2.642;1.553;2.324;2.415;3.438;2.888;3.124;3.256;3.089;2.523;2.611;1.803;1.99;1.083;2.295;2.64;2.055;1.926;2.08;1.947;1.876;2.617;1.891;0.099;0.105;0.09;0.102;0.111;0.117;0.114;0.12;0.104;0.087;0.093;0.116
Raw Data (584);54433;3.228;1.28;2.505;2.406;1.639;1.177;1.278;1.516;1.589;2.054;3.013;3.151;2.579;2.413;2.632;2.577;2.438;2.085;3.405;1.744;1.203;1.359;2.127;2.215;2.862;2.959;2.338;2.424;1.02;2.345;2.59;2.857;2.51;2.898;1.316;2.323;2.68;2.296;2.77;2.017;3.101;2.263;2.419;2.58;2.687;1.249;3.05;2.178;2.41;2.483;2.442;2.639;2.656;2.368;2.646;2.413;2.683;3.035;2.41;2.408;3.011;2.644;1.52;2.34;2.423;3.445;2.903;3.158;3.289;3.024;2.528;2.628;1.801;1.994;1.097;2.441;2.659;2.289;1.961;2.104;1.934;1.891;2.656;1.917;0.106;0.099;0.089;0.088;0.114;0.125;0.121;0.121;0.104;0.086;0.088;0.116
Raw Data (584);55046;3.217;1.26;2.51;2.444;1.583;1.092;1.226;1.473;1.577;2.026;3.045;3.136;2.572;2.403;2.609;2.599;2.421;2.085;3.399;1.708;1.154;1.306;2.106;2.216;2.84;2.976;2.317;2.425;0.971;2.328;2.578;2.875;2.507;2.894;1.27;2.322;2.679;2.295;2.758;1.997;3.133;2.26;2.425;2.571;2.68;1.197;3.083;2.172;2.414;2.47;2.442;2.581;2.64;2.361;2.649;2.403;2.673;3.141;2.403;2.402;3.037;2.645;1.453;2.322;2.413;3.475;2.902;3.189;3.312;3.049;2.528;2.63;1.817;2.009;1.102;2.212;2.711;2.15;1.969;2.115;1.926;1.889;2.66;1.933;0.107;0.107;0.093;0.092;0.11;0.116;0.124;0.121;0.103;0.091;0.088;0.117
Raw Data (584);55658;3.201;1.401;2.521;2.466;1.559;1.022;1.17;1.42;1.541;2.028;3.023;3.138;2.574;2.416;2.624;2.607;2.423;2.078;3.413;1.707;1.098;1.304;2.116;2.236;2.85;2.978;2.327;2.421;0.912;2.342;2.598;2.875;2.506;2.894;1.226;2.344;2.683;2.29;2.764;1.988;3.103;2.278;2.418;2.57;2.685;1.143;3.04;2.166;2.406;2.469;2.434;2.601;2.654;2.391;2.658;2.404;2.679;3.119;2.405;2.414;3.042;2.654;1.435;2.319;2.418;3.447;2.918;3.154;3.261;3.004;2.526;2.643;1.824;2.025;1.094;2.191;2.712;2.252;2.002;2.132;1.943;1.897;2.667;1.93;0.1;0.101;0.085;0.087;0.1;0.107;0.116;0.115;0.098;0.082;0.083;0.114
Raw Data (584);56270;3.198;1.302;2.53;2.487;1.574;1.032;1.176;1.398;1.518;2.04;3.067;3.157;2.582;2.411;2.622;2.63;2.423;2.085;3.429;1.675;1.072;1.261;2.116;2.239;2.851;3.003;2.335;2.435;0.879;2.345;2.591;2.896;2.503;2.905;1.218;2.359;2.706;2.303;2.774;1.995;3.144;2.289;2.428;2.583;2.691;1.096;3.098;2.191;2.429;2.481;2.458;2.603;2.663;2.396;2.665;2.419;2.681;3.152;2.423;2.419;3.063;2.667;1.392;2.333;2.418;3.482;2.934;3.189;3.323;3.013;2.53;2.631;1.831;2.056;1.127;2.297;2.774;2.319;2.028;2.164;1.941;1.916;2.682;1.931;0.11;0.111;0.095;0.09;0.112;0.118;0.129;0.12;0.109;0.095;0.103;0.122
Raw Data (584);56883;3.164;1.246;2.514;2.485;1.553;0.898;1.132;1.365;1.486;2.018;3.005;3.085;2.589;2.398;2.608;2.61;2.448;2.088;3.452;1.656;1.037;1.288;2.108;2.228;2.872;2.956;2.34;2.436;0.826;2.342;2.58;2.916;2.515;2.905;1.169;2.344;2.705;2.309;2.777;2.008;3.087;2.258;2.43;2.582;2.705;1.068;3.04;2.163;2.43;2.479;2.461;2.565;2.641;2.353;2.661;2.435;2.7;3.077;2.41;2.378;3.034;2.677;1.359;2.287;2.421;3.405;2.93;3.163;3.267;2.973;2.516;2.589;1.846;2.082;1.143;2.361;2.76;2.4;2.035;2.177;1.856;1.917;2.705;1.938;0.11;0.108;0.098;0.095;0.113;0.119;0.123;0.117;0.109;0.092;0.098;0.119
Raw Data (584);57496;3.168;1.185;2.537;2.493;1.53;0.846;1.06;1.33;1.474;2.03;3.089;3.183;2.592;2.425;2.619;2.657;2.441;2.09;3.454;1.587;0.97;1.229;2.115;2.242;2.884;3.007;2.346;2.439;0.768;2.352;2.601;2.899;2.524;2.913;1.117;2.354;2.714;2.301;2.784;1.986;3.107;2.293;2.438;2.584;2.703;0.997;3.013;2.161;2.434;2.478;2.45;2.595;2.663;2.382;2.679;2.426;2.683;3.126;2.433;2.417;3.067;2.672;1.302;2.33;2.428;3.461;2.948;3.19;3.314;2.962;2.53;2.63;1.863;2.075;1.094;2.358;2.8;2.467;2.063;2.193;1.909;1.937;2.694;1.933;0.104;0.106;0.091;0.095;0.106;0.121;0.129;0.125;0.114;0.094;0.091;0.12
Raw Data (584);58109;3.159;1.024;2.536;2.503;1.512;0.831;1.006;1.331;1.425;2.014;3.084;3.195;2.603;2.429;2.619;2.674;2.437;2.082;3.475;1.535;0.916;1.127;2.108;2.244;2.877;3.011;2.35;2.453;0.693;2.366;2.592;2.907;2.521;2.908;1.063;2.368;2.717;2.314;2.783;1.972;3.111;2.294;2.421;2.579;2.701;0.937;3.038;2.178;2.439;2.487;2.454;2.619;2.677;2.402;2.687;2.436;2.693;3.175;2.433;2.425;3.082;2.671;1.251;2.321;2.424;3.47;2.962;3.223;3.312;2.936;2.535;2.632;1.873;2.103;1.119;2.397;2.804;2.644;2.087;2.211;1.871;1.956;2.715;1.952;0.109;0.103;0.1;0.103;0.118;0.122;0.132;0.13;0.113;0.099;0.098;0.127
Raw Data (584);58723;3.136;1.017;2.539;2.516;1.471;0.764;0.955;1.363;1.401;2.006;3.048;3.149;2.59;2.409;2.608;2.69;2.419;2.078;3.47;1.469;0.881;1.105;2.102;2.241;2.859;3.01;2.345;2.441;0.641;2.342;2.592;2.887;2.515;2.899;1.002;2.372;2.724;2.301;2.775;1.956;3.132;2.297;2.418;2.566;2.683;0.883;3.041;2.177;2.429;2.473;2.452;2.616;2.666;2.393;2.676;2.422;2.69;3.221;2.422;2.411;3.074;2.672;1.183;2.312;2.418;3.461;2.956;3.234;3.321;2.913;2.52;2.626;1.879;2.106;1.112;2.377;2.831;2.612;2.094;2.214;1.84;1.959;2.717;1.976;0.106;0.106;0.092;0.085;0.1;0.112;0.121;0.117;0.114;0.092;0.094;0.112
Raw Data (584);59336;3.142;0.892;2.539;2.521;1.454;0.777;0.855;1.294;1.294;2.005;3.002;3.15;2.592;2.413;2.622;2.698;2.43;2.069;3.471;1.528;0.817;1.036;2.124;2.231;2.882;3.017;2.341;2.443;0.615;2.356;2.586;2.895;2.519;2.903;0.917;2.354;2.731;2.3;2.781;1.96;3.113;2.288;2.421;2.574;2.694;0.83;3.066;2.2;2.434;2.487;2.452;2.642;2.673;2.401;2.684;2.441;2.694;3.219;2.431;2.408;3.08;2.674;1.139;2.32;2.432;3.469;2.97;3.221;3.32;2.829;2.535;2.614;1.9;2.122;1.102;2.404;2.814;2.691;2.115;2.239;1.836;1.954;2.738;1.964;0.103;0.101;0.095;0.085;0.103;0.109;0.119;0.122;0.101;0.094;0.097;0.112
Raw Data (584);59949;3.147;0.936;2.546;2.532;1.429;0.642;0.767;1.274;1.277;1.995;2.973;3.169;2.599;2.408;2.619;2.72;2.436;2.075;3.485;1.398;0.74;1.011;2.11;2.246;2.872;3.032;2.353;2.458;0.611;2.357;2.59;2.908;2.521;2.905;0.877;2.359;2.744;2.304;2.782;1.952;3.127;2.307;2.428;2.583;2.696;0.802;3.066;2.198;2.441;2.489;2.465;2.648;2.681;2.403;2.689;2.446;2.697;3.227;2.43;2.412;3.096;2.681;1.068;2.315;2.428;3.482;2.981;3.24;3.346;2.495;2.529;2.613;1.91;2.137;1.069;2.35;2.88;2.739;2.118;2.246;1.833;1.963;2.747;1.972;0.108;0.099;0.092;0.095;0.107;0.115;0.118;0.128;0.114;0.099;0.106;0.116
Raw Data (584);60562;3.167;0.801;2.548;2.551;1.397;0.637;0.689;1.194;1.21;2.006;3.035;3.171;2.6;2.413;2.633;2.735;2.443;2.082;3.492;1.412;0.69;0.958;2.122;2.256;2.882;3.038;2.35;2.45;0.598;2.353;2.591;2.907;2.526;2.905;0.809;2.365;2.744;2.307;2.792;1.947;3.148;2.302;2.423;2.58;2.696;0.731;3.072;2.234;2.451;2.489;2.456;2.672;2.695;2.407;2.697;2.459;2.708;3.232;2.433;2.409;3.092;2.686;1.044;2.317;2.429;3.499;2.987;3.241;3.378;2.491;2.541;2.625;1.922;2.155;1.016;2.467;2.834;2.797;2.143;2.262;1.845;1.964;2.769;1.975;0.112;0.105;0.088;0.107;0.112;0.123;0.121;0.127;0.111;0.093;0.098;0.118
Raw Data (584);61176;3.161;0.692;2.567;2.592;1.383;0.559;0.649;1.161;1.149;1.995;2.9;3.182;2.603;2.412;2.631;2.746;2.444;2.074;3.491;1.367;0.609;0.912;2.12;2.247;2.888;3.049;2.36;2.446;0.61;2.353;2.602;2.908;2.529;2.919;0.767;2.358;2.75;2.3;2.798;1.935;3.134;2.306;2.435;2.578;2.703;0.672;3.079;2.27;2.452;2.488;2.478;2.692;2.69;2.408;2.707;2.467;2.705;3.205;2.429;2.405;3.103;2.689;0.979;2.326;2.444;3.47;2.999;3.236;3.348;2.381;2.539;2.623;1.94;2.179;0.969;2.511;2.834;2.873;2.165;2.281;1.853;1.965;2.79;2.002;0.11;0.109;0.093;0.099;0.108;0.124;0.125;0.125;0.113;0.096;0.099;0.12
Raw Data (584);61790;3.14;0.574;2.554;2.629;1.344;0.501;0.588;1.114;1.138;1.966;2.897;3.174;2.586;2.398;2.598;2.769;2.428;2.056;3.495;1.29;0.544;0.877;2.095;2.236;2.842;3.038;2.355;2.44;0.598;2.343;2.573;2.901;2.515;2.909;0.706;2.357;2.747;2.3;2.779;1.92;3.146;2.304;2.417;2.58;2.676;0.601;3.08;2.236;2.457;2.485;2.464;2.645;2.684;2.391;2.695;2.448;2.704;3.244;2.428;2.407;3.095;2.679;0.876;2.309;2.422;3.481;2.984;3.252;3.361;2.208;2.528;2.607;1.938;2.177;0.895;2.446;2.926;2.785;2.185;2.267;1.808;1.955;2.794;1.999;0.106;0.102;0.096;0.1;0.102;0.109;0.121;0.115;0.109;0.09;0.093;0.117
Raw Data (584);62404;3.148;0.549;2.57;2.66;1.318;0.501;0.559;1.029;1.067;1.968;3.017;3.188;2.602;2.41;2.638;2.782;2.429;2.063;3.49;1.222;0.516;0.811;2.108;2.24;2.856;3.045;2.355;2.448;0.595;2.345;2.585;2.895;2.527;2.906;0.625;2.354;2.755;2.3;2.799;1.918;3.114;2.309;2.421;2.58;2.69;0.533;3.062;2.228;2.454;2.488;2.468;2.649;2.696;2.396;2.7;2.456;2.707;3.221;2.428;2.404;3.096;2.686;0.855;2.302;2.427;3.485;2.984;3.232;3.359;2.202;2.539;2.614;1.95;2.192;0.87;2.38;2.903;2.779;2.217;2.306;1.835;1.958;2.798;2.014;0.105;0.103;0.091;0.091;0.104;0.117;0.12;0.119;0.107;0.094;0.092;0.113
Raw Data (584);63017;3.158;0.538;2.589;2.671;1.295;0.502;0.551;0.95;1.014;1.992;2.926;3.211;2.608;2.416;2.658;2.804;2.447;2.071;3.507;1.18;0.505;0.782;2.13;2.266;2.883;3.071;2.368;2.448;0.605;2.36;2.594;2.891;2.531;2.909;0.59;2.361;2.761;2.304;2.802;1.915;3.12;2.316;2.432;2.582;2.679;0.491;3.088;2.28;2.465;2.502;2.474;2.661;2.708;2.424;2.722;2.486;2.713;3.189;2.438;2.404;3.122;2.709;0.8;2.326;2.442;3.471;3.017;3.232;3.364;2.18;2.543;2.631;1.967;2.205;0.86;2.512;2.893;2.907;2.235;2.339;1.886;1.973;2.827;2.045;0.113;0.112;0.09;0.102;0.112;0.127;0.128;0.128;0.108;0.103;0.1;0.12
Raw Data (584);63630;3.167;0.567;2.6;2.695;1.272;0.562;0.541;0.891;0.985;1.97;2.999;3.224;2.611;2.413;2.655;2.823;2.446;2.066;3.498;1.123;0.488;0.704;2.131;2.264;2.86;3.068;2.363;2.462;0.609;2.354;2.593;2.898;2.521;2.896;0.522;2.357;2.764;2.311;2.8;1.899;3.122;2.319;2.432;2.578;2.671;0.466;3.117;2.268;2.473;2.501;2.471;2.65;2.712;2.416;2.722;2.479;2.716;3.153;2.44;2.42;3.114;2.707;0.706;2.321;2.434;3.484;3.019;3.249;3.373;2.176;2.546;2.635;1.988;2.225;0.767;2.543;2.94;2.937;2.242;2.33;1.892;1.972;2.842;2.054;0.112;0.11;0.102;0.101;0.114;0.121;0.118;0.128;0.115;0.093;0.1;0.129
Raw Data (584);64244;3.174;0.545;2.59;2.691;1.235;0.603;0.511;0.82;0.955;1.963;3.05;3.209;2.596;2.389;2.664;2.815;2.445;2.051;3.486;1.089;0.476;0.637;2.124;2.258;2.853;3.072;2.36;2.45;0.611;2.342;2.585;2.894;2.529;2.906;0.479;2.353;2.765;2.311;2.797;1.898;3.109;2.304;2.431;2.583;2.678;0.459;3.085;2.315;2.471;2.499;2.479;2.663;2.716;2.417;2.714;2.479;2.708;3.091;2.434;2.408;3.111;2.712;0.601;2.307;2.436;3.451;3.012;3.237;3.36;2.118;2.539;2.632;1.993;2.238;0.711;2.608;2.895;2.976;2.239;2.343;1.926;1.967;2.844;2.052;0.108;0.109;0.094;0.09;0.107;0.114;0.124;0.116;0.097;0.092;0.088;0.123
Raw Data (584);64857;3.19;0.508;2.601;2.695;1.191;0.554;0.539;0.726;0.853;1.962;3.039;3.231;2.602;2.396;2.699;2.829;2.45;2.053;3.49;1.004;0.479;0.566;2.131;2.261;2.867;3.085;2.366;2.456;0.616;2.344;2.589;2.901;2.536;2.904;0.47;2.347;2.767;2.295;2.802;1.903;3.118;2.312;2.435;2.584;2.692;0.438;3.111;2.28;2.477;2.512;2.467;2.69;2.711;2.426;2.727;2.479;2.716;2.992;2.426;2.409;3.122;2.723;0.564;2.312;2.446;3.47;3.029;3.223;3.347;2.109;2.531;2.627;2.006;2.252;0.667;2.615;2.901;2.987;2.26;2.358;1.979;1.968;2.865;2.079;0.112;0.105;0.094;0.096;0.11;0.12;0.123;0.127;0.11;0.097;0.091;0.115
Raw Data (584);65471;3.208;0.498;2.603;2.717;1.137;0.649;0.556;0.633;0.823;1.956;2.897;3.233;2.613;2.403;2.715;2.846;2.464;2.065;3.494;0.925;0.488;0.493;2.135;2.251;2.871;3.085;2.377;2.462;0.627;2.348;2.608;2.928;2.537;2.916;0.46;2.34;2.77;2.318;2.809;1.898;3.116;2.318;2.434;2.598;2.689;0.449;3.111;2.264;2.482;2.514;2.478;2.714;2.718;2.425;2.731;2.506;2.72;2.924;2.45;2.412;3.123;2.725;0.549;2.299;2.447;3.481;3.041;3.229;3.35;2.096;2.545;2.624;2.017;2.263;0.622;2.546;2.913;3.003;2.281;2.385;2.053;1.963;2.878;2.089;0.103;0.108;0.094;0.098;0.115;0.123;0.128;0.128;0.108;0.099;0.103;0.119
Raw Data (584);66084;3.244;0.516;2.613;2.732;1.105;0.493;0.557;0.616;0.771;1.962;2.895;3.226;2.618;2.413;2.723;2.867;2.475;2.064;3.491;0.866;0.498;0.471;2.142;2.253;2.864;3.079;2.366;2.468;0.641;2.352;2.622;2.934;2.537;2.927;0.446;2.342;2.764;2.308;2.807;1.891;3.118;2.314;2.436;2.586;2.705;0.462;3.071;2.251;2.486;2.518;2.471;2.707;2.718;2.414;2.731;2.513;2.721;2.813;2.444;2.409;3.115;2.734;0.539;2.296;2.448;3.491;3.052;3.235;3.325;2.07;2.538;2.612;2.036;2.268;0.59;2.455;2.935;2.992;2.303;2.389;2.084;1.96;2.9;2.076;0.117;0.112;0.097;0.098;0.114;0.126;0.13;0.129;0.117;0.104;0.095;0.119
Raw Data (584);66698;3.259;0.531;2.61;2.748;1.139;0.497;0.546;0.573;0.676;1.949;2.934;3.245;2.611;2.396;2.734;2.87;2.469;2.058;3.487;0.788;0.512;0.453;2.136;2.242;2.858;3.092;2.365;2.449;0.646;2.349;2.618;2.916;2.538;2.924;0.462;2.334;2.761;2.302;2.812;1.879;3.133;2.311;2.43;2.587;2.69;0.472;3.021;2.252;2.489;2.509;2.469;2.723;2.717;2.416;2.736;2.511;2.7;2.671;2.443;2.39;3.114;2.728;0.531;2.276;2.454;3.489;3.05;3.236;3.34;2.044;2.533;2.602;2.04;2.274;0.552;2.536;2.929;2.996;2.293;2.391;2.112;1.947;2.899;2.071;0.109;0.106;0.094;0.089;0.099;0.116;0.116;0.132;0.102;0.093;0.094;0.126
Raw Data (584);67311;3.273;0.545;2.622;2.77;1.193;0.607;0.545;0.576;0.602;1.943;2.937;3.242;2.615;2.42;2.745;2.867;2.462;2.045;3.478;0.708;0.546;0.452;2.128;2.249;2.857;3.082;2.359;2.487;0.658;2.375;2.616;2.88;2.534;2.916;0.483;2.327;2.762;2.297;2.811;1.879;3.118;2.317;2.433;2.585;2.695;0.491;3.037;2.259;2.493;2.514;2.468;2.734;2.722;2.402;2.743;2.52;2.71;2.667;2.429;2.397;3.109;2.737;0.533;2.277;2.463;3.475;3.065;3.241;3.328;2.025;2.531;2.594;2.054;2.284;0.504;2.509;2.942;2.993;2.315;2.401;2.139;1.953;2.912;2.077;0.114;0.103;0.088;0.098;0.108;0.12;0.121;0.119;0.103;0.091;0.102;0.118
Raw Data (584);67925;3.287;0.539;2.639;2.813;1.132;0.663;0.543;0.588;0.559;1.954;3.02;3.264;2.633;2.449;2.731;2.876;2.467;2.034;3.484;0.632;0.545;0.446;2.13;2.246;2.864;3.106;2.36;2.497;0.639;2.377;2.622;2.863;2.551;2.924;0.502;2.319;2.758;2.299;2.818;1.868;3.125;2.332;2.441;2.588;2.687;0.532;3.054;2.319;2.492;2.514;2.466;2.772;2.721;2.421;2.738;2.543;2.72;2.654;2.437;2.396;3.124;2.742;0.544;2.282;2.457;3.493;3.057;3.256;3.379;1.981;2.521;2.602;2.069;2.304;0.453;2.672;2.969;3.073;2.324;2.406;2.162;1.964;2.917;2.079;0.105;0.099;0.096;0.097;0.109;0.118;0.122;0.127;0.098;0.092;0.092;0.118
Raw Data (584);68539;3.296;0.541;2.659;2.845;1.089;0.586;0.55;0.597;0.554;1.957;3.047;3.282;2.648;2.472;2.744;2.881;2.464;2.027;3.483;0.557;0.545;0.457;2.135;2.252;2.863;3.103;2.362;2.5;0.655;2.402;2.627;2.882;2.548;2.918;0.515;2.32;2.766;2.296;2.812;1.872;3.115;2.349;2.432;2.594;2.682;0.564;3.088;2.36;2.506;2.526;2.47;2.785;2.714;2.411;2.75;2.538;2.719;2.635;2.43;2.39;3.128;2.736;0.582;2.279;2.462;3.505;3.066;3.269;3.379;1.947;2.527;2.611;2.084;2.294;0.442;2.638;2.976;3.09;2.331;2.429;2.218;1.968;2.928;2.09;0.113;0.108;0.099;0.09;0.106;0.117;0.131;0.124;0.114;0.093;0.088;0.126
Raw Data (584);69156;3.269;0.553;2.659;2.852;1.034;0.673;0.576;0.622;0.562;1.934;3.013;3.227;2.666;2.487;2.733;2.862;2.48;2.024;3.497;0.536;0.563;0.479;2.133;2.238;2.878;3.085;2.374;2.508;0.669;2.402;2.627;2.87;2.562;2.931;0.558;2.293;2.71;2.309;2.827;1.887;3.063;2.336;2.442;2.586;2.705;0.586;3.036;2.322;2.505;2.519;2.485;2.752;2.686;2.367;2.76;2.591;2.727;2.633;2.418;2.351;3.096;2.765;0.623;2.224;2.471;3.479;3.068;3.224;3.296;1.923;2.509;2.544;2.079;2.339;0.456;2.489;3.001;3.001;2.358;2.452;2.228;1.966;2.938;2.083;0.109;0.108;0.107;0.099;0.113;0.123;0.124;0.12;0.106;0.102;0.097;0.123
Raw Data (584);69770;3.288;0.548;2.668;2.87;0.973;0.625;0.551;0.623;0.55;1.946;3.097;3.251;2.667;2.51;2.78;2.898;2.46;2.028;3.509;0.504;0.545;0.494;2.148;2.267;2.88;3.113;2.384;2.511;0.654;2.418;2.644;2.88;2.568;2.914;0.572;2.305;2.725;2.304;2.825;1.855;3.107;2.381;2.436;2.594;2.672;0.596;3.084;2.421;2.497;2.527;2.478;2.806;2.712;2.399;2.766;2.553;2.723;2.608;2.443;2.393;3.125;2.751;0.636;2.287;2.462;3.491;3.078;3.248;3.35;1.875;2.522;2.6;2.095;2.318;0.436;2.675;3;3.05;2.377;2.453;2.302;1.946;2.946;2.088;0.112;0.105;0.1;0.098;0.107;0.12;0.128;0.13;0.11;0.099;0.1;0.127
Raw Data (584);70384;3.305;0.547;2.69;2.884;0.904;0.611;0.55;0.644;0.561;1.961;3.159;3.274;2.698;2.53;2.793;2.903;2.468;2.019;3.505;0.506;0.551;0.515;2.151;2.272;2.881;3.105;2.376;2.512;0.662;2.431;2.648;2.86;2.563;2.92;0.635;2.302;2.698;2.306;2.833;1.855;3.123;2.397;2.445;2.601;2.673;0.612;3.112;2.418;2.507;2.531;2.486;2.789;2.715;2.39;2.765;2.567;2.722;2.574;2.443;2.387;3.127;2.759;0.658;2.274;2.464;3.485;3.086;3.259;3.367;1.846;2.52;2.588;2.115;2.329;0.443;2.641;3.001;3.051;2.396;2.471;2.338;1.96;2.96;2.093;0.11;0.108;0.1;0.099;0.11;0.124;0.131;0.123;0.107;0.099;0.097;0.125
Raw Data (584);70996;3.29;0.542;2.687;2.886;0.856;0.649;0.572;0.657;0.589;1.946;3.125;3.27;2.691;2.536;2.792;2.918;2.458;2.018;3.51;0.522;0.546;0.523;2.153;2.267;2.885;3.107;2.369;2.515;0.652;2.439;2.641;2.841;2.56;2.911;0.576;2.294;2.693;2.297;2.823;1.841;3.127;2.407;2.442;2.585;2.647;0.609;3.043;2.371;2.504;2.516;2.483;2.769;2.701;2.386;2.775;2.552;2.713;2.363;2.435;2.386;3.124;2.749;0.645;2.274;2.458;3.478;3.086;3.267;3.345;1.791;2.522;2.585;2.11;2.346;0.434;2.426;2.988;2.991;2.403;2.477;2.346;1.955;2.967;2.088;0.103;0.099;0.09;0.095;0.105;0.117;0.122;0.127;0.105;0.092;0.097;0.118
Raw Data (584);71606;3.298;0.536;2.693;2.869;0.764;0.63;0.548;0.661;0.558;1.962;3.169;3.279;2.702;2.552;2.805;2.908;2.469;2.018;3.51;0.486;0.543;0.554;2.162;2.265;2.882;3.117;2.37;2.511;0.651;2.434;2.652;2.836;2.559;2.914;0.598;2.285;2.691;2.293;2.83;1.837;3.164;2.398;2.444;2.587;2.645;0.604;3.094;2.475;2.501;2.534;2.473;2.791;2.704;2.394;2.783;2.57;2.721;2.358;2.434;2.382;3.126;2.76;0.662;2.273;2.47;3.505;3.078;3.286;3.392;1.764;2.515;2.577;2.125;2.354;0.43;2.663;3.02;3.066;2.423;2.493;2.374;1.942;2.962;2.091;0.107;0.099;0.097;0.095;0.104;0.117;0.124;0.13;0.102;0.093;0.09;0.118
Raw Data (584);72223;3.284;0.539;2.704;2.87;0.689;0.637;0.556;0.648;0.626;1.986;3.207;3.264;2.702;2.561;2.807;2.92;2.458;2.025;3.507;0.484;0.538;0.553;2.179;2.287;2.891;3.123;2.371;2.516;0.659;2.446;2.653;2.818;2.564;2.91;0.585;2.29;2.688;2.289;2.834;1.821;3.154;2.425;2.438;2.567;2.656;0.636;3.105;2.394;2.498;2.527;2.483;2.782;2.708;2.386;2.784;2.57;2.717;2.328;2.428;2.387;3.13;2.766;0.633;2.312;2.466;3.508;3.087;3.288;3.346;1.711;2.517;2.587;2.124;2.369;0.443;2.662;3.003;3.057;2.433;2.501;2.403;1.944;2.976;2.1;0.106;0.098;0.089;0.09;0.102;0.113;0.12;0.117;0.106;0.088;0.081;0.115
Raw Data (584);72833;3.282;0.538;2.717;2.877;0.619;0.64;0.553;0.665;0.583;2.012;3.224;3.256;2.716;2.579;2.836;2.925;2.471;2.031;3.513;0.508;0.536;0.547;2.214;2.303;2.909;3.125;2.382;2.514;0.65;2.459;2.663;2.789;2.564;2.909;0.615;2.287;2.699;2.303;2.845;1.826;3.153;2.444;2.446;2.584;2.657;0.631;3.124;2.468;2.515;2.539;2.482;2.826;2.713;2.409;2.788;2.576;2.723;2.305;2.435;2.387;3.136;2.766;0.639;2.352;2.481;3.507;3.099;3.283;3.355;1.68;2.521;2.579;2.142;2.37;0.464;2.683;3.039;3.082;2.46;2.511;2.414;1.951;2.987;2.107;0.107;0.102;0.091;0.097;0.103;0.12;0.122;0.118;0.113;0.091;0.093;0.117
Raw Data (584);73447;3.269;0.541;2.731;2.864;0.602;0.633;0.556;0.658;0.555;2.098;3.243;3.261;2.741;2.591;2.829;2.927;2.469;2.027;3.51;0.53;0.547;0.549;2.227;2.316;2.908;3.124;2.378;2.519;0.654;2.469;2.674;2.764;2.566;2.914;0.6;2.3;2.7;2.302;2.849;1.815;3.145;2.455;2.454;2.576;2.654;0.636;3.11;2.424;2.508;2.53;2.485;2.826;2.72;2.402;2.794;2.572;2.725;2.311;2.437;2.385;3.133;2.768;0.627;2.368;2.474;3.505;3.096;3.278;3.354;1.634;2.518;2.57;2.146;2.373;0.48;2.618;3.042;3.108;2.479;2.521;2.434;1.956;2.997;2.115;0.112;0.105;0.097;0.092;0.109;0.114;0.121;0.122;0.109;0.095;0.094;0.115
Raw Data (584);74057;3.264;0.545;2.733;2.858;0.587;0.638;0.547;0.647;0.563;2.167;3.264;3.265;2.742;2.599;2.841;2.933;2.477;2.038;3.496;0.582;0.551;0.547;2.287;2.35;2.911;3.134;2.382;2.531;0.661;2.479;2.68;2.77;2.572;2.929;0.613;2.344;2.692;2.294;2.857;1.807;3.154;2.475;2.448;2.586;2.649;0.636;3.085;2.467;2.507;2.532;2.487;2.84;2.717;2.403;2.8;2.568;2.721;2.284;2.437;2.389;3.119;2.765;0.639;2.401;2.469;3.515;3.1;3.292;3.361;1.586;2.512;2.553;2.153;2.383;0.498;2.588;3.065;3.086;2.488;2.535;2.453;1.954;3.003;2.118;0.108;0.101;0.089;0.089;0.107;0.115;0.123;0.125;0.11;0.088;0.089;0.112
Raw Data (584);74668;3.272;0.546;2.741;2.867;0.575;0.635;0.561;0.63;0.559;2.216;3.267;3.258;2.759;2.61;2.836;2.943;2.484;2.042;3.49;0.572;0.541;0.557;2.331;2.373;2.933;3.128;2.397;2.534;0.656;2.496;2.7;2.788;2.571;2.922;0.621;2.354;2.699;2.314;2.873;1.804;3.148;2.495;2.465;2.58;2.648;0.636;3.053;2.518;2.524;2.546;2.498;2.848;2.719;2.416;2.807;2.571;2.722;2.263;2.44;2.398;3.121;2.768;0.649;2.424;2.48;3.513;3.108;3.299;3.357;1.573;2.515;2.563;2.162;2.392;0.514;2.54;3.071;3.072;2.518;2.543;2.453;1.983;3.015;2.135;0.112;0.109;0.097;0.098;0.105;0.121;0.13;0.133;0.107;0.093;0.094;0.116
Raw Data (584);75278;3.265;0.545;2.744;2.853;0.565;0.638;0.557;0.64;0.555;2.258;3.274;3.252;2.76;2.62;2.848;2.952;2.471;2.053;3.478;0.565;0.553;0.555;2.346;2.402;2.936;3.118;2.391;2.536;0.653;2.508;2.692;2.824;2.557;2.925;0.62;2.348;2.683;2.3;2.868;1.795;3.145;2.52;2.461;2.567;2.646;0.644;3.07;2.491;2.521;2.531;2.482;2.849;2.717;2.418;2.81;2.57;2.721;2.236;2.439;2.395;3.12;2.774;0.64;2.437;2.462;3.501;3.11;3.307;3.38;1.506;2.518;2.562;2.164;2.391;0.538;2.593;3.059;3.091;2.53;2.547;2.431;1.974;3.029;2.142;0.1;0.102;0.095;0.096;0.098;0.121;0.12;0.125;0.108;0.096;0.087;0.116
Raw Data (584);75888;3.262;0.548;2.743;2.852;0.568;0.649;0.562;0.643;0.566;2.281;3.258;3.23;2.764;2.639;2.867;2.953;2.469;2.068;3.476;0.568;0.549;0.557;2.393;2.413;2.944;3.127;2.385;2.541;0.657;2.518;2.705;2.827;2.56;2.922;0.613;2.357;2.704;2.304;2.884;1.787;3.145;2.533;2.465;2.569;2.647;0.636;3.106;2.548;2.529;2.549;2.504;2.853;2.721;2.432;2.821;2.574;2.723;2.23;2.447;2.409;3.126;2.773;0.639;2.44;2.479;3.52;3.111;3.316;3.381;1.478;2.511;2.56;2.185;2.402;0.547;2.709;3.074;3.138;2.548;2.566;2.431;1.986;3.038;2.154;0.112;0.1;0.098;0.1;0.105;0.124;0.127;0.12;0.109;0.09;0.089;0.107
Raw Data (584);76501;3.262;0.545;2.752;2.865;0.561;0.638;0.559;0.639;0.557;2.316;3.26;3.223;2.781;2.64;2.858;2.959;2.485;2.051;3.466;0.572;0.548;0.561;2.403;2.435;2.958;3.116;2.392;2.542;0.656;2.525;2.696;2.829;2.554;2.922;0.61;2.365;2.704;2.296;2.877;1.782;3.16;2.549;2.463;2.563;2.64;0.637;3.097;2.539;2.527;2.543;2.497;2.858;2.711;2.434;2.83;2.579;2.722;2.2;2.438;2.41;3.115;2.777;0.648;2.442;2.479;3.525;3.124;3.304;3.385;1.429;2.513;2.566;2.192;2.402;0.571;2.733;3.078;3.129;2.566;2.57;2.45;2;3.045;2.154;0.108;0.106;0.085;0.091;0.104;0.119;0.127;0.123;0.11;0.086;0.097;0.121
Raw Data (584);77111;3.256;0.544;2.752;2.876;0.584;0.646;0.558;0.64;0.56;2.33;3.239;3.198;2.787;2.654;2.884;2.971;2.47;2.071;3.465;0.574;0.547;0.56;2.429;2.453;2.954;3.115;2.396;2.557;0.66;2.542;2.712;2.834;2.564;2.929;0.607;2.37;2.709;2.307;2.894;1.778;3.171;2.569;2.461;2.565;2.647;0.642;3.118;2.604;2.528;2.558;2.497;2.864;2.724;2.452;2.83;2.57;2.727;2.164;2.439;2.419;3.122;2.769;0.654;2.446;2.487;3.536;3.111;3.322;3.384;1.355;2.511;2.559;2.197;2.415;0.582;2.718;3.1;3.15;2.591;2.582;2.466;1.999;3.064;2.173;0.112;0.103;0.091;0.097;0.105;0.119;0.124;0.125;0.113;0.093;0.094;0.12
Raw Data (584);77722;3.26;0.547;2.753;2.873;0.593;0.644;0.561;0.633;0.563;2.358;3.239;3.194;2.801;2.669;2.888;2.965;2.473;2.07;3.462;0.57;0.551;0.556;2.442;2.45;2.969;3.105;2.402;2.546;0.657;2.544;2.708;2.807;2.551;2.927;0.611;2.361;2.725;2.311;2.891;1.782;3.168;2.57;2.467;2.566;2.635;0.643;3.128;2.632;2.528;2.553;2.494;2.881;2.722;2.443;2.841;2.572;2.73;2.114;2.446;2.407;3.114;2.774;0.648;2.442;2.493;3.528;3.124;3.328;3.392;1.329;2.497;2.558;2.197;2.412;0.601;2.657;3.114;3.165;2.601;2.595;2.483;2.009;3.069;2.172;0.112;0.105;0.096;0.094;0.108;0.116;0.121;0.122;0.108;0.095;0.094;0.114
Raw Data (584);78331;3.28;0.554;2.777;2.887;0.646;0.645;0.572;0.654;0.58;2.403;3.274;3.189;2.82;2.684;2.905;2.967;2.488;2.082;3.472;0.579;0.556;0.573;2.476;2.467;2.983;3.108;2.413;2.559;0.668;2.561;2.73;2.801;2.568;2.947;0.613;2.377;2.733;2.322;2.904;1.79;3.184;2.599;2.474;2.58;2.642;0.65;3.119;2.648;2.539;2.571;2.521;2.899;2.733;2.437;2.848;2.586;2.729;2.118;2.447;2.415;3.128;2.789;0.659;2.466;2.509;3.522;3.136;3.334;3.419;1.276;2.517;2.564;2.204;2.431;0.622;2.66;3.11;3.185;2.628;2.624;2.51;2.017;3.091;2.195;0.121;0.113;0.107;0.11;0.124;0.131;0.137;0.137;0.119;0.101;0.105;0.129
Raw Data (584);78941;3.281;0.543;2.762;2.882;0.642;0.639;0.559;0.636;0.555;2.4;3.256;3.143;2.814;2.683;2.91;2.967;2.479;2.076;3.458;0.571;0.55;0.552;2.492;2.454;2.979;3.111;2.404;2.559;0.659;2.563;2.727;2.788;2.557;2.927;0.608;2.366;2.733;2.301;2.895;1.766;3.179;2.605;2.465;2.562;2.626;0.635;3.106;2.67;2.534;2.562;2.505;2.901;2.735;2.449;2.84;2.573;2.719;2.079;2.442;2.407;3.107;2.769;0.641;2.45;2.497;3.525;3.123;3.309;3.407;1.245;2.508;2.568;2.195;2.42;0.627;2.596;3.103;3.127;2.629;2.62;2.522;2.009;3.079;2.181;0.106;0.105;0.086;0.083;0.112;0.113;0.122;0.128;0.111;0.094;0.092;0.112
Raw Data (584);79552;3.301;0.544;2.765;2.911;0.617;0.644;0.551;0.65;0.563;2.436;3.248;3.155;2.836;2.694;2.918;2.959;2.516;2.08;3.463;0.566;0.552;0.553;2.488;2.48;2.98;3.114;2.409;2.562;0.662;2.575;2.732;2.812;2.559;2.937;0.611;2.368;2.745;2.313;2.903;1.764;3.18;2.631;2.472;2.559;2.62;0.642;3.112;2.712;2.54;2.566;2.508;2.914;2.729;2.449;2.846;2.582;2.712;2.019;2.437;2.407;3.119;2.779;0.64;2.472;2.501;3.538;3.125;3.309;3.411;1.177;2.513;2.561;2.205;2.44;0.634;2.771;3.121;3.14;2.652;2.631;2.525;2.029;3.089;2.195;0.106;0.101;0.092;0.097;0.106;0.113;0.13;0.126;0.11;0.103;0.096;0.122
Raw Data (584);80162;3.292;0.544;2.773;2.904;0.612;0.645;0.562;0.649;0.555;2.455;3.228;3.123;2.829;2.695;2.938;2.974;2.535;2.093;3.481;0.57;0.555;0.563;2.491;2.488;2.979;3.103;2.41;2.559;0.655;2.579;2.732;2.805;2.561;2.93;0.611;2.372;2.741;2.308;2.906;1.754;3.154;2.659;2.474;2.551;2.606;0.627;3.098;2.687;2.537;2.568;2.506;2.914;2.723;2.449;2.839;2.585;2.722;2.02;2.439;2.418;3.112;2.775;0.648;2.471;2.498;3.501;3.122;3.282;3.372;1.087;2.507;2.557;2.193;2.442;0.624;2.807;3.095;3.132;2.673;2.633;2.535;2.033;3.098;2.215;0.109;0.097;0.092;0.098;0.108;0.114;0.126;0.126;0.106;0.09;0.09;0.121
Raw Data (584);80772;3.311;0.549;2.769;2.915;0.608;0.634;0.566;0.643;0.557;2.466;3.225;3.142;2.838;2.704;2.934;2.969;2.537;2.099;3.48;0.561;0.542;0.553;2.499;2.498;2.99;3.105;2.405;2.556;0.652;2.595;2.739;2.82;2.557;2.936;0.599;2.363;2.734;2.305;2.913;1.748;3.156;2.672;2.469;2.554;2.616;0.633;3.104;2.716;2.534;2.566;2.502;2.92;2.719;2.444;2.851;2.575;2.72;1.964;2.431;2.412;3.108;2.774;0.636;2.477;2.501;3.525;3.125;3.299;3.39;0.987;2.501;2.558;2.199;2.447;0.629;2.772;3.079;3.149;2.689;2.649;2.539;2.044;3.1;2.221;0.106;0.099;0.097;0.098;0.101;0.11;0.121;0.119;0.107;0.097;0.088;0.118
Raw Data (584);81383;3.327;0.532;2.784;2.948;0.611;0.635;0.547;0.642;0.562;2.503;3.235;3.178;2.85;2.715;2.935;2.961;2.565;2.102;3.48;0.571;0.555;0.558;2.505;2.491;3.002;3.121;2.422;2.553;0.654;2.601;2.744;2.85;2.557;2.936;0.603;2.366;2.749;2.314;2.914;1.746;3.188;2.692;2.477;2.558;2.615;0.644;3.125;2.748;2.542;2.57;2.508;2.927;2.723;2.455;2.853;2.58;2.711;1.945;2.432;2.423;3.113;2.785;0.645;2.487;2.528;3.53;3.13;3.318;3.426;0.899;2.498;2.578;2.193;2.451;0.639;2.837;3.118;3.21;2.71;2.667;2.562;2.046;3.101;2.234;0.105;0.098;0.084;0.096;0.102;0.114;0.123;0.127;0.104;0.094;0.09;0.118
Raw Data (584);81993;3.325;0.542;2.789;2.963;0.61;0.633;0.557;0.631;0.56;2.527;3.229;3.152;2.873;2.721;2.947;2.977;2.575;2.122;3.487;0.568;0.552;0.556;2.504;2.517;2.992;3.121;2.415;2.554;0.663;2.619;2.737;2.844;2.556;2.929;0.611;2.374;2.764;2.31;2.917;1.736;3.162;2.721;2.473;2.555;2.611;0.642;3.097;2.746;2.545;2.567;2.511;2.929;2.732;2.44;2.857;2.578;2.724;1.923;2.421;2.429;3.119;2.78;0.649;2.499;2.509;3.521;3.133;3.281;3.389;0.856;2.502;2.563;2.199;2.466;0.629;2.806;3.09;3.179;2.726;2.681;2.566;2.071;3.117;2.247;0.105;0.1;0.085;0.098;0.112;0.116;0.122;0.123;0.104;0.092;0.095;0.112
Raw Data (584);82604;3.325;0.543;2.792;2.962;0.608;0.644;0.566;0.645;0.554;2.531;3.22;3.16;2.875;2.737;2.965;2.978;2.567;2.128;3.492;0.573;0.554;0.568;2.526;2.506;2.999;3.126;2.423;2.557;0.662;2.621;2.743;2.843;2.562;2.933;0.597;2.365;2.747;2.312;2.927;1.75;3.167;2.712;2.483;2.556;2.601;0.635;3.108;2.753;2.539;2.582;2.519;2.93;2.73;2.446;2.853;2.586;2.712;1.878;2.433;2.439;3.123;2.777;0.646;2.505;2.52;3.534;3.136;3.286;3.401;0.776;2.496;2.579;2.2;2.458;0.646;2.771;3.124;3.152;2.746;2.69;2.571;2.083;3.121;2.242;0.109;0.104;0.089;0.09;0.105;0.117;0.123;0.12;0.101;0.095;0.09;0.115
Raw Data (584);83215;3.33;0.546;2.789;2.973;0.609;0.639;0.569;0.644;0.552;2.554;3.22;3.162;2.876;2.748;2.958;2.983;2.583;2.124;3.495;0.562;0.55;0.564;2.532;2.506;3.008;3.127;2.42;2.566;0.662;2.63;2.757;2.852;2.559;2.932;0.608;2.375;2.768;2.31;2.926;1.744;3.186;2.715;2.484;2.555;2.61;0.621;3.132;2.784;2.546;2.586;2.512;2.942;2.736;2.453;2.867;2.586;2.706;1.834;2.42;2.441;3.11;2.784;0.643;2.502;2.53;3.537;3.124;3.305;3.412;0.691;2.5;2.587;2.193;2.47;0.622;2.823;3.114;3.188;2.757;2.707;2.575;2.095;3.128;2.247;0.109;0.091;0.089;0.088;0.104;0.11;0.114;0.113;0.099;0.093;0.087;0.113
Raw Data (584);83827;3.342;0.554;2.801;3.001;0.617;0.65;0.564;0.653;0.569;2.576;3.218;3.156;2.9;2.763;2.965;2.983;2.586;2.146;3.497;0.575;0.561;0.563;2.526;2.508;3.015;3.138;2.435;2.572;0.657;2.651;2.768;2.862;2.567;2.936;0.611;2.383;2.78;2.316;2.924;1.76;3.182;2.729;2.496;2.552;2.609;0.642;3.154;2.805;2.557;2.598;2.524;2.943;2.733;2.45;2.868;2.609;2.714;1.8;2.431;2.436;3.123;2.791;0.655;2.515;2.545;3.544;3.136;3.296;3.398;0.606;2.497;2.599;2.198;2.492;0.629;2.819;3.157;3.205;2.772;2.723;2.587;2.096;3.143;2.264;0.115;0.097;0.093;0.093;0.106;0.115;0.123;0.125;0.1;0.094;0.094;0.122
Raw Data (584);84438;3.341;0.544;2.802;3.003;0.612;0.642;0.552;0.641;0.562;2.589;3.243;3.149;2.893;2.764;2.966;2.976;2.58;2.152;3.491;0.578;0.553;0.561;2.536;2.521;3.029;3.138;2.436;2.564;0.652;2.636;2.763;2.844;2.562;2.933;0.608;2.373;2.77;2.315;2.93;1.743;3.171;2.737;2.506;2.553;2.611;0.632;3.132;2.792;2.551;2.598;2.533;2.944;2.747;2.445;2.871;2.606;2.714;1.731;2.43;2.433;3.129;2.787;0.642;2.52;2.538;3.54;3.135;3.287;3.383;0.537;2.494;2.624;2.195;2.492;0.618;2.798;3.139;3.16;2.781;2.734;2.586;2.099;3.143;2.265;0.106;0.094;0.088;0.093;0.111;0.107;0.121;0.119;0.103;0.09;0.093;0.121
Raw Data (584);85048;3.362;0.544;2.805;3.027;0.617;0.642;0.551;0.65;0.566;2.618;3.272;3.191;2.913;2.781;2.982;2.988;2.606;2.166;3.498;0.583;0.563;0.568;2.545;2.517;3.039;3.153;2.444;2.579;0.67;2.659;2.786;2.865;2.565;2.946;0.618;2.386;2.787;2.328;2.944;1.771;3.211;2.755;2.517;2.56;2.604;0.652;3.145;2.797;2.569;2.614;2.548;2.963;2.748;2.488;2.876;2.607;2.726;1.721;2.43;2.447;3.144;2.797;0.649;2.533;2.566;3.566;3.147;3.334;3.421;0.512;2.496;2.65;2.201;2.506;0.608;2.878;3.172;3.215;2.796;2.742;2.61;2.119;3.166;2.29;0.124;0.105;0.099;0.1;0.113;0.122;0.129;0.124;0.113;0.096;0.1;0.122
Raw Data (584);85659;3.36;0.549;2.807;3.017;0.616;0.635;0.56;0.649;0.566;2.635;3.279;3.159;2.899;2.785;2.985;2.992;2.592;2.171;3.507;0.574;0.552;0.562;2.557;2.526;3.037;3.143;2.434;2.571;0.67;2.663;2.786;2.829;2.56;2.938;0.615;2.381;2.783;2.318;2.933;1.747;3.187;2.745;2.507;2.551;2.599;0.643;3.119;2.808;2.559;2.61;2.542;2.963;2.753;2.476;2.874;2.598;2.714;1.638;2.435;2.424;3.134;2.805;0.65;2.541;2.558;3.535;3.142;3.322;3.392;0.51;2.493;2.651;2.195;2.509;0.615;2.842;3.142;3.192;2.808;2.751;2.622;2.116;3.169;2.309;0.106;0.102;0.093;0.096;0.107;0.118;0.118;0.126;0.112;0.095;0.089;0.121
Raw Data (584);86270;3.361;0.544;2.819;3.025;0.62;0.649;0.56;0.652;0.568;2.639;3.261;3.178;2.917;2.806;2.996;2.998;2.604;2.172;3.512;0.574;0.555;0.566;2.568;2.512;3.051;3.151;2.442;2.581;0.661;2.665;2.801;2.818;2.566;2.936;0.614;2.389;2.799;2.329;2.944;1.765;3.186;2.747;2.515;2.561;2.603;0.639;3.12;2.8;2.565;2.619;2.551;2.975;2.753;2.476;2.885;2.601;2.714;1.577;2.428;2.444;3.141;2.798;0.653;2.543;2.574;3.523;3.146;3.331;3.414;0.518;2.497;2.671;2.188;2.526;0.614;2.889;3.137;3.217;2.83;2.772;2.627;2.131;3.182;2.34;0.115;0.101;0.092;0.089;0.105;0.119;0.121;0.126;0.101;0.095;0.095;0.116
Raw Data (584);86880;3.361;0.552;2.815;3.023;0.619;0.647;0.558;0.653;0.564;2.659;3.257;3.158;2.915;2.813;2.991;2.996;2.607;2.191;3.514;0.579;0.552;0.564;2.57;2.534;3.048;3.151;2.45;2.58;0.666;2.674;2.802;2.801;2.566;2.938;0.613;2.383;2.81;2.322;2.945;1.757;3.181;2.757;2.517;2.557;2.589;0.637;3.126;2.832;2.57;2.623;2.552;2.981;2.757;2.491;2.888;2.609;2.71;1.534;2.419;2.429;3.136;2.8;0.654;2.544;2.574;3.521;3.146;3.337;3.382;0.49;2.495;2.669;2.192;2.523;0.607;2.894;3.144;3.151;2.835;2.788;2.632;2.135;3.183;2.346;0.108;0.106;0.092;0.093;0.108;0.127;0.118;0.123;0.111;0.097;0.1;0.127
Raw Data (584);87490;3.38;0.549;2.823;3.024;0.615;0.647;0.552;0.647;0.569;2.683;3.25;3.197;2.927;2.817;2.993;2.996;2.621;2.178;3.517;0.576;0.561;0.566;2.578;2.521;3.057;3.159;2.449;2.576;0.658;2.673;2.824;2.794;2.564;2.944;0.616;2.384;2.809;2.333;2.953;1.763;3.2;2.755;2.512;2.563;2.6;0.636;3.154;2.835;2.571;2.624;2.556;2.99;2.764;2.481;2.896;2.621;2.712;1.493;2.425;2.431;3.143;2.811;0.659;2.552;2.585;3.549;3.148;3.372;3.426;0.537;2.504;2.684;2.185;2.546;0.617;2.899;3.182;3.202;2.852;2.804;2.656;2.14;3.193;2.342;0.116;0.101;0.093;0.096;0.104;0.124;0.124;0.127;0.116;0.097;0.09;0.117
Raw Data (584);88101;3.363;0.549;2.824;2.996;0.621;0.645;0.557;0.643;0.557;2.673;3.223;3.154;2.922;2.823;2.996;2.993;2.605;2.197;3.515;0.573;0.555;0.566;2.581;2.502;3.058;3.15;2.449;2.577;0.653;2.686;2.819;2.769;2.568;2.939;0.611;2.368;2.799;2.322;2.945;1.754;3.178;2.755;2.512;2.553;2.596;0.636;3.137;2.845;2.57;2.613;2.557;2.984;2.77;2.471;2.891;2.624;2.706;1.439;2.42;2.412;3.129;2.801;0.651;2.549;2.581;3.534;3.152;3.336;3.378;0.526;2.501;2.666;2.19;2.549;0.601;2.844;3.153;3.174;2.848;2.81;2.674;2.142;3.19;2.319;0.097;0.104;0.09;0.096;0.109;0.117;0.121;0.129;0.107;0.097;0.095;0.113
Raw Data (584);88712;3.357;0.541;2.816;2.998;0.605;0.636;0.578;0.635;0.555;2.687;3.181;3.181;2.928;2.831;2.99;3.009;2.61;2.2;3.52;0.572;0.562;0.576;2.589;2.511;3.064;3.173;2.456;2.585;0.656;2.679;2.836;2.788;2.564;2.938;0.606;2.384;2.825;2.333;2.946;1.768;3.195;2.733;2.501;2.551;2.585;0.635;3.142;2.809;2.567;2.628;2.555;3.002;2.762;2.493;2.894;2.621;2.7;1.393;2.418;2.424;3.14;2.813;0.66;2.545;2.594;3.519;3.154;3.355;3.437;0.555;2.499;2.702;2.188;2.559;0.612;2.893;3.169;3.216;2.869;2.821;2.717;2.168;3.195;2.312;0.11;0.101;0.086;0.096;0.095;0.115;0.112;0.125;0.103;0.094;0.086;0.114
Raw Data (584);89323;3.383;0.544;2.827;3.001;0.626;0.652;0.568;0.647;0.571;2.698;3.25;3.196;2.941;2.846;3.021;3.015;2.626;2.211;3.522;0.577;0.569;0.573;2.619;2.511;3.072;3.185;2.462;2.587;0.661;2.692;2.85;2.781;2.567;2.952;0.606;2.389;2.834;2.342;2.958;1.789;3.218;2.762;2.512;2.564;2.595;0.643;3.18;2.842;2.585;2.64;2.562;3.031;2.782;2.489;2.902;2.638;2.712;1.332;2.423;2.427;3.163;2.817;0.66;2.559;2.614;3.546;3.164;3.381;3.443;0.571;2.51;2.713;2.203;2.578;0.62;2.935;3.196;3.252;2.885;2.853;2.754;2.177;3.218;2.318;0.113;0.105;0.1;0.106;0.118;0.119;0.13;0.125;0.122;0.099;0.1;0.123
Raw Data (584);1225;1.924;1.965;2.052;1.849;1.888;1.88;2.038;2.175;2.123;1.978;2.022;1.995;2.071;2.037;2.063;2.075;2.05;1.99;2.608;2.039;2.009;1.943;1.958;1.979;2.115;2.003;1.971;2.017;1.835;2.038;2.16;2.06;2.07;2.018;2.031;2.012;1.96;1.901;2.084;1.964;1.949;2.091;2.112;2.113;2.696;2.017;2.042;1.996;2.012;2.071;2.194;2.048;2.059;2.116;1.854;1.881;1.867;1.713;1.755;1.779;1.99;2.083;2.007;1.958;2.052;2.11;1.856;1.831;1.729;1.746;1.785;1.748;0.493;0.526;0.513;0.468;0.497;0.474;0.493;0.553;0.446;0.514;0.5;0.506;0.109;0.124;0.11;0.109;0.123;0.128;0.128;0.134;0.118;0.1;0.103;0.132
Raw Data (584);1837;1.925;1.974;2.059;1.862;1.894;1.889;2.052;2.183;2.152;1.996;2.063;2.057;2.103;2.08;2.076;2.087;2.052;2.017;2.599;2.076;2.035;1.999;1.973;2.02;2.119;2.014;1.99;2.031;1.846;2.055;2.176;2.084;2.087;2.064;2.051;2.029;1.97;1.915;2.114;1.99;1.977;2.093;2.127;2.141;2.595;2.058;2.078;2.022;2.025;2.096;2.196;2.046;2.059;2.131;1.869;1.911;1.89;1.755;1.757;1.818;2.009;2.09;2.057;1.977;2.047;2.157;1.905;1.87;1.74;1.8;1.814;1.789;0.471;0.506;0.5;0.44;0.483;0.511;0.478;0.547;0.438;0.506;0.492;0.499;0.106;0.114;0.098;0.107;0.116;0.121;0.129;0.128;0.113;0.104;0.097;0.128
Raw Data (584);2447;1.943;1.98;2.064;1.871;1.901;1.884;2.058;2.179;2.155;2.009;2.078;2.067;2.108;2.104;2.077;2.097;2.065;2.034;2.682;2.102;2.055;2.031;1.977;2.03;2.131;2.028;2;2.038;1.857;2.065;2.193;2.103;2.11;2.112;2.075;2.048;1.993;1.934;2.131;2.007;1.998;2.112;2.147;2.173;2.624;2.075;2.107;2.043;2.041;2.094;2.209;2.051;2.069;2.142;1.902;1.937;1.9;1.779;1.779;1.839;2.022;2.116;2.085;1.981;2.071;2.177;1.929;1.876;1.753;1.809;1.822;1.807;0.481;0.526;0.509;0.456;0.487;0.469;0.497;0.559;0.441;0.532;0.504;0.505;0.101;0.117;0.096;0.108;0.113;0.115;0.115;0.126;0.109;0.097;0.099;0.116
Raw Data (584);3056;1.957;1.99;2.053;1.878;1.91;1.888;2.063;2.189;2.167;2.015;2.111;2.099;2.143;2.132;2.084;2.094;2.074;2.041;2.694;2.121;2.093;2.084;1.989;2.042;2.133;2.032;2.009;2.046;1.857;2.079;2.205;2.122;2.126;2.166;2.098;2.072;2.009;1.954;2.15;2.014;2.022;2.121;2.165;2.212;2.543;2.114;2.138;2.066;2.06;2.115;2.222;2.063;2.074;2.153;1.921;1.97;1.923;1.804;1.802;1.87;2.043;2.124;2.121;1.994;2.074;2.191;1.969;1.905;1.782;1.864;1.856;1.841;0.471;0.51;0.505;0.435;0.474;0.462;0.481;0.56;0.428;0.529;0.502;0.501;0.103;0.122;0.099;0.099;0.107;0.118;0.126;0.131;0.115;0.098;0.095;0.122
Raw Data (584);3666;1.977;2.006;2.064;1.906;1.924;1.905;2.077;2.198;2.176;2.036;2.137;2.124;2.142;2.14;2.087;2.096;2.092;2.069;2.741;2.157;2.131;2.133;2.013;2.078;2.155;2.046;2.022;2.061;1.862;2.089;2.224;2.141;2.148;2.203;2.122;2.104;2.038;1.967;2.156;2.022;2.05;2.132;2.181;2.229;2.609;2.162;2.172;2.094;2.08;2.137;2.232;2.083;2.086;2.163;1.943;1.993;1.939;1.833;1.818;1.888;2.057;2.143;2.145;1.999;2.088;2.202;1.997;1.929;1.813;1.876;1.878;1.863;0.491;0.533;0.523;0.466;0.487;0.471;0.503;0.581;0.442;0.556;0.518;0.516;0.105;0.128;0.105;0.105;0.118;0.126;0.129;0.128;0.109;0.099;0.097;0.131
;;;;;;;;;;;;;;;;;;;;;;;;;;;;;;;;;;;;;;;;;;;;;;;;;;;;;;;;;;;;;;;;;;;;;;;;;;;;;;;;;;;;;;;;;;;;;;;;;
